wkt_geom,MEAN_X,MEAN_Y,object_id,lat,lon,GEOID,STATE,COUNTY,TRACT,BLOCK
Point (932357.50813676416873932 129799.67795068770647049),932357.5081367642,129799.67795068769,1.0,40.52279,-74.18665240000001,360850198004041,36,085,019800,4041
Point (952222.48087393492460251 147937.07851964235305786),952222.4808739348,147937.07851964235,384.0,40.57267,-74.1152858,360850134001007,36,085,013400,1007
Point (957307.78094421629793942 167722.35563442367129028),957307.7809442164,167722.35563442367,480.0,40.62699,-74.0970596,360850059021000,36,085,005902,1000
Point (961974.16859200922772288 165665.95652055242680945),961974.1685920092,165665.95652055246,501.0,40.621359999999996,-74.0802422,360850029002000,36,085,002900,2000
Point (962028.83035567402839661 168307.75644618272781372),962028.830355674,168307.75644618273,6.0,40.628609999999995,-74.08005390000001,360850033002000,36,085,003300,2000
Point (962788.35316952562425286 167729.74289311468601227),962788.3531695256,167729.74289311472,529.0,40.62703,-74.0773158,360850021003007,36,085,002100,3007
Point (963108.36248139292001724 167776.88464047759771347),963108.3624813928,167776.8846404776,2.0,40.627159999999996,-74.07616309999999,360850021002025,36,085,002100,2025
Point (963270.09468744695186615 171431.22526485100388527),963270.0946874468,171431.225264851,499.0,40.637190000000004,-74.0755918,360850021002003,36,085,002100,2003
Point (974931.65018646419048309 166815.33554652333259583),974931.6501864642,166815.33554652333,3.0,40.62454,-74.0335682,360470050003001,36,047,005000,3001
Point (975254.32621434330940247 167850.74144814163446426),975254.3262143431,167850.74144814163,8.0,40.62738,-74.03240720000001,360470046001002,36,047,004600,1002
Point (977255.1558740958571434 166337.79959214478731155),977255.155874096,166337.79959214482,9.0,40.62323,-74.02519759999998,360470138002001,36,047,013800,2001
Point (977337.73937034606933594 166603.98196659982204437),977337.739370346,166603.98196659982,9.999999999999998,40.62396,-74.0249004,360470138002000,36,047,013800,2000
Point (977420.87896784394979477 166869.78376439213752747),977420.8789678441,166869.78376439214,4.0,40.62469,-74.0246011,360470138001001,36,047,013800,1001
Point (977586.55268505215644836 167402.69132718443870544),977586.5526850522,167402.69132718444,11.0,40.62616,-74.0240048,360470136003001,36,047,013600,3001
Point (977627.95516130328178406 171464.6964905634522438),977627.9551613032,171464.69649056342,16.0,40.6373,-74.0238596,360470070001007,36,047,007000,1007
Point (977669.43982242792844772 167669.01133260130882263),977669.4398224279,167669.0113326013,12.0,40.62689,-74.02370649999999,360470136003000,36,047,013600,3000
Point (977835.09729951620101929 168200.1059068962931633),977835.0972995164,168200.10590689632,13.0,40.62834,-74.0231102,360470136004000,36,047,013600,4000
Point (977921.22425980865955353 168476.03727760165929794),977921.2242598088,168476.03727760163,4.999999999999999,40.6291,-74.02280019999999,360470134002002,36,047,013400,2002
Point (978176.32857242971658707 169293.57698109745979309),978176.3285724295,169293.57698109743,14.000000000000002,40.63135,-74.0218819,360470130003000,36,047,013000,3000
Point (978266.49555089324712753 169583.30097514390945435),978266.4955508931,169583.3009751439,15.0,40.63214,-74.0215573,360470130004002,36,047,013000,4002
Point (979631.23347100615501404 185234.10366297513246536),979631.2334710063,185234.10366297516,17.0,40.6751,-74.016651,360470053012007,36,047,005301,2007
Point (981166.22055851668119431 195609.50499218702316284),981166.2205585166,195609.50499218702,70.0,40.70358,-74.0111219,360610009001011,36,061,000900,1011
Point (981318.81375726312398911 195674.70794577151536942),981318.8137572631,195674.7079457715,71.0,40.703759999999996,-74.01057159999999,360610009001011,36,061,000900,1011
Point (981332.71306236088275909 196981.39819108447409235),981332.7130623608,196981.3981910845,524.0,40.70734,-74.010522,360610007001002,36,061,000700,1002
Point (981374.08156375586986542 195885.29732846716069616),981374.0815637558,195885.2973284672,37.0,40.70434,-74.01037240000001,360610009001011,36,061,000900,1011
Point (981472.07444155961275101 200340.58066780865192413),981472.0744415595,200340.58066780862,147.0,40.71656,-74.0100207,360610039003010,36,061,003900,3010
Point (981483.79062546789646149 195826.40383660048246384),981483.790625468,195826.40383660048,36.0,40.70417,-74.0099767,360610009001013,36,061,000900,1013
Point (981502.48136892914772034 196006.49058272689580917),981502.4813689293,196006.49058272692,72.0,40.70467,-74.0099093,360610009001007,36,061,000900,1007
Point (981598.26841488480567932 200743.91647530347108841),981598.2684148848,200743.91647530347,146.0,40.71767,-74.0095657,360610039003007,36,061,003900,3007
Point (981704.93191546946763992 196018.95446855574846268),981704.9319154696,196018.95446855575,73.0,40.7047,-74.0091791,360610007006000,36,061,000700,6000
Point (981824.87557321786880493 200412.47340460121631622),981824.875573218,200412.47340460122,229.0,40.71676,-74.00874809999999,360610033002018,36,061,003300,2018
Point (981867.96751458942890167 206339.39314522594213486),981867.9675145894,206339.39314522594,148.0,40.73303,-74.0085947,360610075001007,36,061,007500,1007
Point (981911.24553390091750771 196179.69960857182741165),981911.2455339008,196179.69960857183,38.0,40.70514,-74.00843509999999,360610007006001,36,061,000700,6001
Point (981950.04182551056146622 176851.28299427032470703),981950.0418255107,176851.28299427032,446.0,40.65209,-74.0082887,360470082003001,36,047,008200,3001
Point (981956.05313238501548767 198368.66564839085913263),981956.053132385,198368.66564839086,537.0,40.71115,-74.0082742,360610015011009,36,061,001501,1009
Point (982037.65090226382017136 196310.92255260050296783),982037.6509022637,196310.9225526005,39.0,40.7055,-74.00797920000001,360610007005000,36,061,000700,5000
Point (982042.40154892951250076 204554.41443172842264175),982042.4015489295,204554.4144317284,230.0,40.72813,-74.0079647,360610037001000,36,061,003700,1000
Point (982151.79437475651502609 198203.88169318437576294),982151.7943747564,198203.88169318435,39.99999999999999,40.7107,-74.0075681,360610015011010,36,061,001501,1010
Point (982240.39475530385971069 208659.31517859548330307),982240.3947553036,208659.31517859545,233.0,40.7394,-74.00725159999999,360610079001012,36,061,007900,1012
Point (982271.94816988706588745 208868.57509472221136093),982271.9481698872,208868.57509472218,234.0,40.73997,-74.00713780000001,360610079001011,36,061,007900,1011
Point (982400.33866113424301147 209100.85793068259954453),982400.3386611344,209100.85793068263,153.0,40.74061,-74.0066745,360610079001000,36,061,007900,1000
Point (982545.76340309530496597 206112.39064647257328033),982545.7634030952,206112.39064647254,231.0,40.732409999999994,-74.006149,360610073003001,36,061,007300,3001
Point (982689.67387643456459045 206116.42279063910245895),982689.6738764346,206116.4227906391,232.0,40.73242,-74.0056297,360610073003001,36,061,007300,3001
Point (982788.74027934670448303 203404.99579881131649017),982788.7402793468,203404.9957988113,235.0,40.72498,-74.00527170000001,360610037003006,36,061,003700,3006
Point (982799.78553284704685211 209344.63508420437574387),982799.785532847,209344.6350842044,500.0,40.741279999999996,-74.00523309999998,360610083003003,36,061,008300,3003
Point (982802.9840172603726387 207528.70539914816617966),982802.9840172605,207528.70539914814,152.0,40.736290000000004,-74.00522120000001,360610077004003,36,061,007700,4003
Point (982855.98440338671207428 207290.47572468966245651),982855.9844033868,207290.4757246897,151.0,40.735640000000004,-74.00502990000001,360610073005000,36,061,007300,5000
Point (982886.45579914003610611 174945.81895743310451508),982886.45579914,174945.8189574331,20.0,40.64686,-74.0049136,360470096004000,36,047,009600,4000
Point (982908.50234296917915344 207053.24670439958572388),982908.5023429692,207053.24670439961,150.0,40.73499,-74.0048403,360610073005001,36,061,007300,5001
Point (982945.4345744401216507 203235.87769872942590155),982945.43457444,203235.87769872943,522.0,40.724509999999995,-74.0047064,360610037003011,36,061,003700,3011
Point (982959.7423979714512825 206817.51062731444835663),982959.7423979716,206817.51062731445,149.0,40.73434,-74.0046554,360610073004000,36,061,007300,4000
Point (982977.51226619386579841 203526.16780056059360504),982977.5122661941,203526.1678005606,526.0,40.72531,-74.0045907,360610037003006,36,061,003700,3006
Point (983024.78984005749225616 206586.52700135111808777),983024.7898400576,206586.52700135115,237.0,40.733709999999995,-74.00442070000001,360610073004001,36,061,007300,4001
Point (983105.88859517872333527 206387.12287259846925735),983105.8885951787,206387.12287259847,238.0,40.73316,-74.00412800000001,360610073004002,36,061,007300,4002
Point (983145.95462396740913391 185743.10379327088594437),983145.9546239673,185743.1037932709,21.0,40.6765,-74.0039802,360470059002029,36,047,005900,2029
Point (983182.4865390956401825 177203.82395585626363754),983182.4865390956,177203.82395585626,447.0,40.653059999999996,-74.00384720000001,360470084001002,36,047,008400,1002
Point (983198.11265613883733749 206192.61686397343873978),983198.1126561387,206192.61686397344,156.0,40.73263,-74.0037952,360610073004003,36,061,007300,4003
Point (983228.26187405735254288 210996.47946751862764359),983228.2618740574,210996.47946751863,263.0,40.74581,-74.0036871,360610089004000,36,061,008900,4000
Point (983229.22332225739955902 205710.53285439312458038),983229.2233222574,205710.53285439312,383.0,40.7313,-74.0036829,360610067003000,36,061,006700,3000
Point (983237.86274068057537079 173505.7086486890912056),983237.8627406808,173505.70864868912,19.0,40.64291,-74.0036471,360470094012001,36,047,009401,2001
Point (983418.72770047187805176 203440.61400184780359268),983418.727700472,203440.6140018478,154.0,40.72507,-74.00299890000001,360610049002002,36,061,004900,2002
Point (983534.36936551332473755 197199.1086043119430542),983534.3693655131,197199.10860431194,464.0,40.70794,-74.002581,360610015013005,36,061,001501,3005
Point (983562.08699379861354828 205978.22260772436857224),983562.0869937986,205978.22260772443,157.0,40.732040000000005,-74.0024819,360610067001000,36,061,006700,1000
Point (983597.2366938441991806 204433.52868268638849258),983597.2366938442,204433.52868268642,453.0,40.7278,-74.00235490000001,360610037002000,36,061,003700,2000
Point (983618.66332422196865082 203313.11261643469333649),983618.6633242221,203313.1126164347,236.0,40.72472,-74.0022775,360610049002003,36,061,004900,2003
Point (983639.37916205078363419 197426.75513064116239548),983639.3791620508,197426.75513064122,41.0,40.70857,-74.0022023,360610015013003,36,061,001501,3003
Point (983660.50597894692327827 187146.48063436150550842),983660.5059789469,187146.48063436148,513.0,40.68035,-74.0021252,360470063002003,36,047,006300,2003
Point (983661.48295643180608749 209920.27738764137029648),983661.4829564319,209920.27738764137,164.0,40.74286,-74.00212359999999,360610089002001,36,061,008900,2001
Point (983666.95899534225463867 206594.52411461994051933),983666.9589953424,206594.52411461988,474.0,40.73373,-74.0021035,360610073006004,36,061,007300,6004
Point (983680.1049664244055748 205768.55767273157835007),983680.1049664244,205768.5576727316,155.0,40.73146,-74.00205600000001,360610067001001,36,061,006700,1001
Point (983796.82897838950157166 207180.58929747343063354),983796.8289783895,207180.58929747343,239.0,40.73534,-74.001635,360610071004002,36,061,007100,4002
Point (983838.98604629933834076 206988.99174759536981583),983838.9860462992,206988.99174759534,158.0,40.734809999999996,-74.00148279999999,360610073006003,36,061,007300,6003
Point (983841.00113413482904434 187633.22025580704212189),983841.0011341348,187633.22025580704,22.0,40.68169,-74.0014745,360470063002001,36,047,006300,2001
Point (983890.21297796815633774 206754.95989938825368881),983890.2129779682,206754.95989938825,159.0,40.73417,-74.00129799999999,360610071004004,36,061,007100,4004
Point (984197.64444972574710846 214818.82287268340587616),984197.644449726,214818.8228726834,471.0,40.7563,-74.0001887,360610099032016,36,061,009903,2016
Point (984287.51697339117527008 205506.89185747504234314),984287.5169733913,205506.89185747504,161.0,40.73075,-73.9998644,360610065001006,36,061,006500,1006
Point (984330.12318738549947739 214745.67226438969373703),984330.1231873856,214745.6722643897,470.0,40.7561,-73.99971049999999,360610099032016,36,061,009903,2016
Point (984428.06787338852882385 205724.6586463525891304),984428.0678733884,205724.65864635262,241.0,40.73134,-73.9993573,360610065001003,36,061,006500,1003
Point (984528.8899158388376236 192064.44531722663668916),984528.8899158387,192064.44531722664,482.0,40.69385,-73.9989941,360470003014003,36,047,000301,4003
Point (984565.44128630310297012 205938.1898793950676918),984565.4412863031,205938.18987939507,163.0,40.73193,-73.9988616,360610065001000,36,061,006500,1000
Point (984680.59853630512952805 206117.64162022620439529),984680.5985363051,206117.6416202262,242.0,40.73242,-73.9984461,360610063005001,36,061,006300,5001
Point (984710.09191563725471497 205233.40930076688528061),984710.0919156371,205233.40930076689,162.0,40.72999,-73.9983397,360610065001002,36,061,006500,1002
Point (984752.62119409441947937 203210.26210034638643265),984752.6211940944,203210.26210034642,159.99999999999997,40.72444,-73.99818640000001,360610049001003,36,061,004900,1003
Point (984767.2797933891415596 206250.72550760209560394),984767.2797933893,206250.7255076021,243.0,40.73279,-73.99813329999999,360610063005001,36,061,006300,5001
Point (984815.17405455559492111 191999.65082739293575287),984815.1740545556,191999.65082739294,75.0,40.693670000000004,-73.9979618,360470003014003,36,047,000301,4003
Point (984845.8731036881217733 199525.07854408025741577),984845.873103688,199525.07854408032,478.0,40.71433,-73.9978504,360610029022004,36,061,002902,2004
Point (984958.68032921850681305 202301.19534893333911896),984958.6803292184,202301.1953489333,240.0,40.72195,-73.9974431,360610045001001,36,061,004500,1001
Point (984999.64809504896402359 208620.51620764285326004),984999.6480950491,208620.51620764282,170.0,40.739290000000004,-73.9972946,360610081001001,36,061,008100,1001
Point (985036.35143372416496277 191947.43620084971189499),985036.3514337242,191947.43620084968,74.0,40.693529999999996,-73.9971642,360470003014003,36,047,000301,4003
Point (985270.18741618096828461 205184.99929260462522507),985270.187416181,205184.99929260465,244.0,40.729859999999995,-73.9963189,360610065001001,36,061,006500,1001
Point (985284.67951317876577377 190114.14934906363487244),985284.6795131788,190114.14934906363,42.0,40.6885,-73.996269,360470045002001,36,047,004500,2001
Point (985410.09871771931648254 205396.86074551939964294),985410.0987177192,205396.8607455194,245.0,40.73044,-73.995814,360610065001001,36,061,006500,1001
Point (985540.97772105038166046 205588.80573564022779465),985540.9777210505,205588.80573564023,246.0,40.73097,-73.99534179999999,360610059002001,36,061,005900,2001
Point (985612.00628634542226791 202128.41354227066040039),985612.0062863454,202128.41354227066,165.0,40.721470000000004,-73.9950862,360610043002001,36,061,004300,2001
Point (985648.21503938734531403 205749.23192397505044937),985648.2150393872,205749.23192397505,167.0,40.73141,-73.9949548,360610059002000,36,061,005900,2000
Point (985762.02058605849742889 205923.56244801729917526),985762.0205860584,205923.5624480173,247.0,40.73189,-73.9945441,360610059001001,36,061,005900,1001
Point (985793.77921676635742188 202329.32685435563325882),985793.7792167664,202329.32685435566,166.0,40.72202,-73.9944304,360610043002001,36,061,004300,2001
Point (985897.07937105745077133 206130.3074413537979126),985897.0793710577,206130.3074413538,168.0,40.732459999999996,-73.9940568,360610059001000,36,061,005900,1000
Point (985927.16018359363079071 191501.02026297897100449),985927.1601835936,191501.02026297894,76.0,40.6923,-73.99395200000001,360470007003000,36,047,000700,3000
Point (985961.28199855238199234 202881.20419547706842422),985961.2819985524,202881.20419547707,418.0,40.72354,-73.993826,360610043001001,36,061,004300,1001
Point (986001.85967329889535904 192072.27879893779754639),986001.859673299,192072.27879893783,77.0,40.693870000000004,-73.99368249999999,360470005022001,36,047,000502,2001
Point (986032.24314272403717041 206337.60541914403438568),986032.243142724,206337.60541914406,169.0,40.73302,-73.993569,360610061001004,36,061,006100,1004
Point (986079.07703855633735657 203616.67204868793487549),986079.0770385565,203616.67204868796,175.0,40.725559999999994,-73.99340079999999,360610055021003,36,061,005502,1003
Point (986153.32246092706918716 203838.71950484812259674),986153.3224609272,203838.7195048481,466.0,40.72617,-73.9931329,360610055021002,36,061,005502,1002
Point (986163.72122622281312943 202142.97027168422937393),986163.7212262228,202142.97027168426,469.0,40.721509999999995,-73.99309579999999,360610036013002,36,061,003601,3002
Point (986173.70939522236585617 206554.53428318351507187),986173.7093952224,206554.53428318352,178.0,40.73362,-73.99305849999999,360610061001002,36,061,006100,1002
Point (986259.50236668437719345 181078.50436264276504517),986259.5023666844,181078.50436264282,448.00000000000006,40.66369,-73.9927567,360470143001005,36,047,014300,1005
Point (986284.12190406024456024 203544.36871560662984848),986284.1219040601,203544.36871560663,465.0,40.725359999999995,-73.992661,360610055021003,36,061,005502,1003
Point (986301.01786763221025467 192931.66208672523498535),986301.0178676322,192931.66208672523,78.0,40.69623,-73.99260340000001,360470005021001,36,047,000502,1001
Point (986319.99191105365753174 206778.39686039090156555),986319.9919110535,206778.3968603909,179.0,40.73423,-73.9925306,360610061001001,36,061,006100,1001
Point (986333.05471301078796387 202076.6272285133600235),986333.0547130108,202076.62722851336,250.0,40.72133,-73.992485,360610036013002,36,061,003601,3002
Point (986345.28779222071170807 191348.44658518582582474),986345.2877922208,191348.44658518585,43.0,40.69188,-73.99244420000001,360470009001003,36,047,000900,1003
Point (986397.52013526856899261 194641.2569286897778511),986397.5201352686,194641.25692868978,44.0,40.70092,-73.9922548,360470001003001,36,047,000100,3001
Point (986416.28289300948381424 201127.60337197780609131),986416.2828930094,201127.6033719778,174.0,40.718720000000005,-73.99218499999999,360610018007002,36,061,001800,7002
Point (986555.17090263962745667 209449.05129597336053848),986555.1709026395,209449.0512959734,257.0,40.74156,-73.9916811,360610058003001,36,061,005800,3001
Point (986602.81975746899843216 199694.58934168517589569),986602.8197574691,199694.5893416852,45.0,40.71479,-73.9915126,360610016005001,36,061,001600,5001
Point (986725.68368497490882874 201921.79322060197591782),986725.6836849748,201921.793220602,248.0,40.7209,-73.9910686,360610036012001,36,061,003601,2001
Point (986760.10782872140407562 199631.83192126452922821),986760.1078287214,199631.83192126453,46.0,40.714620000000004,-73.99094529999999,360610016005000,36,061,001600,5000
Point (986762.9047391340136528 200104.47549697756767273),986762.904739134,200104.47549697763,171.0,40.715920000000004,-73.990935,360610016004001,36,061,001600,4001
Point (986764.75988634675741196 205789.75021564215421677),986764.7598863469,205789.7502156421,177.0,40.73152,-73.9909261,360610061003004,36,061,006100,3004
Point (986837.40606650710105896 195610.94839481264352798),986837.4060665072,195610.94839481264,79.0,40.70358,-73.990668,360470021001001,36,047,002100,1001
Point (986852.00938376039266586 185997.45876356214284897),986852.0093837605,185997.4587635621,60.0,40.6772,-73.9906191,360470077001004,36,047,007700,1004
Point (986885.31935650855302811 204014.58201401680707932),986885.3193565086,204014.5820140168,176.0,40.72665,-73.9904918,360610038003000,36,061,003800,3000
Point (986886.62184734642505646 199583.81019972264766693),986886.6218473464,199583.81019972265,79.99999999999999,40.714490000000005,-73.9904889,360610016005000,36,061,001600,5000
Point (986890.05015414208173752 200938.08111322671175003),986890.0501541421,200938.0811132267,173.0,40.7182,-73.990476,360610018002003,36,061,001800,2003
Point (986891.897263303399086 200743.41614822298288345),986891.8972633034,200743.41614822292,172.0,40.71767,-73.9904694,360610018001003,36,061,001800,1003
Point (986954.50376538932323456 201829.41479643434286118),986954.5037653892,201829.41479643434,249.0,40.72065,-73.9902431,360610036011001,36,061,003601,1001
Point (987004.2595713883638382 192711.38710076361894608),987004.2595713885,192711.3871007636,417.0,40.69562,-73.99006740000002,360470013001021,36,047,001300,1021
Point (987015.02037663757801056 201059.89993126690387726),987015.0203766377,201059.8999312669,419.0,40.718540000000004,-73.9900251,360610018002003,36,061,001800,2003
Point (987062.29406818002462387 200869.58879613876342773),987062.29406818,200869.5887961388,180.0,40.71802,-73.9898547,360610018002007,36,061,001800,2007
Point (987132.27932846546173096 195351.05226106196641922),987132.2793284656,195351.05226106197,50.0,40.702870000000004,-73.98960459999999,360470021001010,36,047,002100,1010
Point (987144.88625863194465637 181653.49222185462713242),987144.8862586321,181653.49222185466,24.0,40.66527,-73.9895651,360470141021000,36,047,014102,1000
Point (987163.2331707626581192 208964.9595804363489151),987163.2331707628,208964.95958043632,256.0,40.74024,-73.989487,360610056003001,36,061,005600,3001
Point (987201.74900580197572708 216311.2304849773645401),987201.749005802,216311.23048497734,265.0,40.7604,-73.9893448,360610127002001,36,061,012700,2001
Point (987201.88187955319881439 201730.70600435137748718),987201.8818795531,201730.70600435138,181.0,40.72038,-73.9893507,360610018003003,36,061,001800,3003
Point (987226.49091826379299164 209236.89637251943349838),987226.4909182638,209236.89637251946,462.0,40.74098,-73.98925859999999,360610056002002,36,061,005600,2002
Point (987274.72950288653373718 210125.15919572860002518),987274.7295028869,210125.1591957286,184.0,40.74342,-73.98908409999999,360610058002001,36,061,005800,2001
Point (987314.29307205229997635 210398.95457988977432251),987314.2930720523,210398.95457988977,264.0,40.744170000000004,-73.9889412,360610058001002,36,061,005800,1002
Point (987353.3363010510802269 210670.51899739354848862),987353.3363010512,210670.51899739355,190.0,40.74492,-73.9888002,360610058001001,36,061,005800,1001
Point (987355.64633580297231674 208430.27872722595930099),987355.646335803,208430.27872722602,455.0,40.73877,-73.9887929,360610052001000,36,061,005200,1000
Point (987357.74934997409582138 204901.06925022602081299),987357.7493499741,204901.06925022602,183.0,40.729079999999996,-73.988787,360610038001000,36,061,003800,1000
Point (987360.16240289062261581 202155.82999005913734436),987360.1624028906,202155.82999005914,253.0,40.72155,-73.9887795,360610030011002,36,061,003001,1002
Point (987372.6280931755900383 201665.23172584921121597),987372.6280931756,201665.2317258492,251.0,40.7202,-73.9887348,360610030012001,36,061,003001,2001
Point (987395.85458871722221375 199353.87726064026355743),987395.8545887172,199353.87726064023,51.0,40.71386,-73.9886521,360610006003000,36,061,000600,3000
Point (987426.13208721578121185 199095.88630680739879608),987426.1320872158,199095.88630680746,83.0,40.71315,-73.988543,360610006004000,36,061,000600,4000
Point (987433.14814930409193039 189778.20825584977865219),987433.1481493041,189778.20825584978,65.0,40.68757,-73.9885222,360470043003000,36,047,004300,3000
Point (987522.88058138638734818 191409.22746755927801132),987522.8805813864,191409.22746755925,47.0,40.69205,-73.9881978,360470011001005,36,047,001100,1005
Point (987531.06462013721466064 191683.21478047221899033),987531.0646201372,191683.21478047228,49.0,40.6928,-73.9881682,360470011001001,36,047,001100,1001
Point (987535.555916927754879 202086.2632000595331192),987535.5559169278,202086.26320005953,254.0,40.72136,-73.9881468,360610030011001,36,061,003001,1001
Point (987559.00419680029153824 201834.10458364337682724),987559.0041968005,201834.10458364335,252.0,40.720659999999995,-73.9880624,360610030012001,36,061,003001,2001
Point (987563.28289559483528137 182311.85852322727441788),987563.2828955948,182311.85852322727,25.0,40.66708,-73.9880566,360470139002000,36,047,013900,2000
Point (987580.97046957910060883 190286.50202272832393646),987580.9704695792,190286.50202272832,506.0,40.68897,-73.9879889,360470043002000,36,047,004300,2000
Point (987644.24795676022768021 207713.12120485305786133),987644.24795676,207713.12120485306,454.0,40.7368,-73.9877518,360610050001001,36,061,005000,1001
Point (987648.77944376319646835 191487.05047464370727539),987648.7794437631,191487.0504746437,48.0,40.69226,-73.98774379999999,360470011001001,36,047,001100,1001
Point (987678.32334793359041214 188773.21830389648675919),987678.3233479336,188773.2183038965,64.0,40.68481,-73.9876386,360470071001001,36,047,007100,1001
Point (987685.54232955724000931 207273.51726122200489044),987685.5423295572,207273.517261222,255.0,40.73559,-73.98760300000001,360610050002000,36,061,005000,2000
Point (987702.75768226385116577 182531.47274935245513916),987702.7576822641,182531.47274935246,62.0,40.66768,-73.9875538,360470139003001,36,047,013900,3001
Point (987737.00471569097135216 207940.60111953318119049),987737.004715691,207940.6011195332,520.0,40.73742,-73.98741700000001,360610050001001,36,061,005000,1001
Point (987797.80818113684654236 180196.82157876342535019),987797.8081811368,180196.82157876343,23.0,40.66127,-73.9872124,360470149022001,36,047,014902,2001
Point (987812.53059263527393341 201490.50635351985692978),987812.5305926352,201490.50635351986,182.0,40.71972,-73.98714790000001,360610030014002,36,061,003001,4002
Point (987842.00740376859903336 182750.95885893702507019),987842.0074037686,182750.95885893703,63.0,40.668279999999996,-73.9870517,360470139003000,36,047,013900,3000
Point (987896.9590655118227005 211694.70690964162349701),987896.9590655118,211694.7069096416,266.0,40.74773,-73.9868378,360610076001003,36,061,007600,1003
Point (987914.7648041769862175 189969.70721668750047684),987914.764804177,189969.7072166875,81.0,40.6881,-73.9867855,360470043002002,36,047,004300,2002
Point (987921.75855659693479538 165447.74773051589727402),987921.758556597,165447.7477305159,7.000000000000001,40.62079,-73.98677370000001,360470244002002,36,047,024400,2002
Point (987983.75367539376020432 214500.33138368278741837),987983.7536753938,214500.33138368282,191.0,40.75543,-73.98652290000001,360610113001001,36,061,011300,1001
Point (987986.70937813818454742 158329.72276055812835693),987986.7093781384,158329.72276055813,18.0,40.60125,-73.98654379999999,360470298001006,36,047,029800,1006
Point (988031.856269471347332 190196.49498489499092102),988031.8562694712,190196.494984895,52.0,40.68872,-73.98636309999999,360470043002000,36,047,004300,2000
Point (988036.84133167564868927 189469.02892014384269714),988036.8413316756,189469.02892014387,27.0,40.68672,-73.98634559999999,360470041002000,36,047,004100,2000
Point (988048.31604626029729843 191256.52714960277080536),988048.3160462604,191256.5271496028,53.0,40.691629999999996,-73.9863032,360470011001006,36,047,001100,1006
Point (988085.05323219299316406 208602.06808180609368719),988085.053232193,208602.0680818061,507.0,40.73924,-73.98616070000001,360610068002001,36,061,006800,2001
Point (988250.10566892474889755 179831.74045197665691376),988250.1056689249,179831.74045197663,61.0,40.660270000000004,-73.9855824,360470149022002,36,047,014902,2002
Point (988270.18354871869087219 206810.68846247345209122),988270.1835487188,206810.68846247342,259.0,40.734320000000004,-73.9854937,360610048003000,36,061,004800,3000
Point (988275.40565113723278046 189931.74321781098842621),988275.4056511372,189931.74321781102,82.0,40.68799,-73.98548509999999,360470041001002,36,047,004100,1002
Point (988279.85774197429418564 188466.88016985356807709),988279.8577419744,188466.8801698536,26.0,40.68397,-73.9854699,360470071001000,36,047,007100,1000
Point (988343.12139497196767479 199420.72992658615112305),988343.1213949721,199420.72992658612,530.0,40.714040000000004,-73.9852351,360610002021003,36,061,000202,1003
Point (988353.34315930306911469 212664.79508319497108459),988353.3431593031,212664.79508319497,510.0,40.75039,-73.9851901,360610084002003,36,061,008400,2003
Point (988355.41812235116958618 208018.15028639882802963),988355.4181223513,208018.15028639886,261.0,40.73764,-73.9851854,360610050005001,36,061,005000,5001
Point (988404.72576650977134705 206583.8567311018705368),988404.7257665099,206583.85673110184,186.0,40.7337,-73.9850084,360610048003001,36,061,004800,3001
Point (988413.39274393022060394 216081.12923914194107056),988413.3927439301,216081.12923914194,268.0,40.75977,-73.9849712,360610125004000,36,061,012500,4000
Point (988429.22522538900375366 210222.17507780343294144),988429.2252253891,210222.17507780343,456.0,40.74369,-73.9849177,360610074002002,36,061,007400,2002
Point (988490.00610776245594025 211364.97987881302833557),988490.0061077623,211364.97987881306,267.0,40.74682,-73.98469759999999,360610074005002,36,061,007400,5002
Point (988495.40947622060775757 216334.17614118754863739),988495.4094762206,216334.17614118755,192.0,40.760459999999995,-73.984675,360610125003000,36,061,012500,3000
Point (988507.85236471891403198 203968.45923881232738495),988507.8523647188,203968.45923881236,258.0,40.72652,-73.984638,360610032001001,36,061,003200,1001
Point (988526.93959688395261765 206808.12006209790706635),988526.9395968841,206808.12006209788,260.0,40.734320000000004,-73.9845673,360610048003000,36,061,004800,3000
Point (988570.72510643303394318 184286.0153360590338707),988570.7251064329,184286.01533605906,66.0,40.6725,-73.98442390000001,360470135002000,36,047,013500,2000
Point (988604.30033455789089203 216572.37464772909879684),988604.300334558,216572.3746477291,193.0,40.76112,-73.98428179999999,360610125002001,36,061,012500,2001
Point (988631.00828638672828674 204192.78310117870569229),988631.0082863868,204192.7831011787,185.0,40.727140000000006,-73.9841935,360610032001000,36,061,003200,1000
Point (988638.42018100619316101 189161.72490876913070679),988638.4201810062,189161.72490876913,67.0,40.68588,-73.9841766,360470041003000,36,047,004100,3000
Point (988676.62450092285871506 222686.27957868576049805),988676.6245009229,222686.27957868573,196.0,40.7779,-73.9840167,360610159007000,36,061,015900,7000
Point (988677.58184809982776642 184068.25822564214468002),988677.5818480998,184068.25822564212,28.000000000000004,40.6719,-73.9840388,360470135002003,36,047,013500,2003
Point (988700.49658245220780373 188252.94018599018454552),988700.4965824522,188252.94018599016,495.0,40.68339,-73.9839534,360470127001001,36,047,012700,1001
Point (988726.52778039127588272 216804.00673039257526398),988726.5277803913,216804.00673039255,269.0,40.76175,-73.9838404,360610131001003,36,061,013100,1003
Point (988778.51061605662107468 215432.8769267275929451),988778.5106160564,215432.87692672762,271.0,40.75799,-73.9836537,360610125001003,36,061,012500,1003
Point (988817.16014505177736282 184287.75270134955644608),988817.1601450515,184287.75270134961,29.0,40.6725,-73.9835355,360470135002000,36,047,013500,2000
Point (988842.15090872347354889 217037.94819164276123047),988842.1509087236,217037.94819164282,194.0,40.76239,-73.98342290000001,360610131001002,36,061,013100,1002
Point (988861.50552880018949509 179347.42531168460845947),988861.5055288002,179347.42531168464,58.0,40.65894,-73.983379,360470169004000,36,047,016900,4000
Point (988876.79716488718986511 189624.39294668287038803),988876.7971648872,189624.39294668284,30.0,40.68715,-73.9833168,360470041001000,36,047,004100,1000
Point (988954.44235080480575562 217274.81139902025461197),988954.4423508048,217274.81139902023,270.0,40.763040000000004,-73.98301740000001,360610131001001,36,061,013100,1001
Point (988956.52830463647842407 184507.36971618235111237),988956.5283046364,184507.36971618235,68.0,40.67311,-73.9830329,360470135003001,36,047,013500,3001
Point (989084.68077143281698227 190183.70957739651203156),989084.6807714328,190183.70957739648,54.0,40.68869,-73.9825668,360470037001002,36,047,003700,1002
Point (989095.88990255445241928 184726.77232855558395386),989095.8899025543,184726.77232855558,31.0,40.67371,-73.9825304,360470135003000,36,047,013500,3000
Point (989170.24966197460889816 190347.54291114956140518),989170.2496619745,190347.54291114962,55.0,40.68913,-73.9822581,360470037001002,36,047,003700,1002
Point (989235.40881642699241638 184945.96660801768302917),989235.408816427,184945.96660801765,33.0,40.67431,-73.9820272,360470133004000,36,047,013300,4000
Point (989298.36636767908930779 207077.39896908029913902),989298.3663676792,207077.39896908027,490.0,40.73505,-73.98178349999999,360610064004002,36,061,006400,4002
Point (989367.22449767589569092 185154.6700948104262352),989367.2244976759,185154.67009481046,34.0,40.67488,-73.98155190000001,360470133003001,36,047,013300,3001
Point (989399.19507022202014923 203337.76414193958044052),989399.195070222,203337.7641419396,187.0,40.724790000000006,-73.98142259999999,360610032007002,36,061,003200,7002
Point (989443.62657584995031357 187873.45173072814941406),989443.62657585,187873.45173072812,449.0,40.68234,-73.9812743,360470127001000,36,047,012700,1000
Point (989490.03281505405902863 185369.01021730899810791),989490.0328150541,185369.010217309,69.0,40.675470000000004,-73.981109,360470133002001,36,047,013300,2001
Point (989520.22025468200445175 203553.87722676992416382),989520.220254682,203553.87722676995,188.0,40.72538,-73.9809858,360610026023001,36,061,002602,3001
Point (989543.38310205191373825 221466.05203226953744888),989543.383102052,221466.05203226954,272.0,40.77455,-73.98088809999999,360610153026000,36,061,015302,6000
Point (989571.00429207249544561 202818.82788030555821024),989571.0042920724,202818.8278803056,509.0,40.72337,-73.9808032,360610026012000,36,061,002601,2000
Point (989638.77456153184175491 203768.05224133282899857),989638.7745615318,203768.05224133286,492.0,40.725970000000004,-73.98055790000001,360610026023000,36,061,002602,3000
Point (989668.64203788340091705 221694.31748780608177185),989668.6420378832,221694.31748780608,273.0,40.77517,-73.98043559999999,360610153024000,36,061,015302,4000
Point (989689.36033634841442108 174288.97496272623538971),989689.3603363484,174288.97496272626,59.0,40.64506,-73.98039940000001,360470498001002,36,047,049800,1002
Point (989755.20431007945444435 203982.01761064431047998),989755.2043100796,203982.0176106443,533.0,40.72656,-73.9801377,360610032007000,36,061,003200,7000
Point (989795.17836617678403854 221923.84934501349925995),989795.1783661769,221923.84934501356,195.0,40.7758,-73.9799786,360610153021000,36,061,015302,1000
Point (989848.4492570087313652 186062.20305664092302322),989848.4492570087,186062.20305664086,35.0,40.67737,-73.9798162,360470131004000,36,047,013100,4000
Point (989879.48347971588373184 204206.66447106003761292),989879.4834797159,204206.66447106,189.0,40.72717,-73.97968909999999,360610034002001,36,061,003400,2001
Point (989922.85855700820684433 222150.5626383051276207),989922.8585570081,222150.56263830516,197.0,40.77643,-73.9795174,360610157008000,36,061,015700,8000
Point (989963.11569434404373169 190322.71520489454269409),989963.115694344,190322.71520489454,56.00000000000001,40.68907,-73.9793992,360470033002002,36,047,003300,2002
Point (989966.89357392489910126 186292.0925246849656105),989966.8935739249,186292.09252468497,88.0,40.678000000000004,-73.979389,360470131002001,36,047,013100,2001
Point (990005.24766388535499573 204432.57461635023355484),990005.2476638855,204432.57461635023,262.0,40.72779,-73.9792351,360610034002000,36,061,003400,2000
Point (990008.55851684510707855 183992.82825839519500732),990008.5585168451,183992.8282583952,32.0,40.671690000000005,-73.9792408,360470155001000,36,047,015500,1000
Point (990035.1593494713306427 186425.46512538939714432),990035.1593494712,186425.46512538943,118.0,40.67837,-73.97914279999999,360470131001001,36,047,013100,1001
Point (990053.88979101181030273 222387.66616672277450562),990053.8897910119,222387.6661667228,198.0,40.77708,-73.9790441,360610157007000,36,061,015700,7000
Point (990104.54585768282413483 186559.60527705401182175),990104.5458576828,186559.60527705398,119.0,40.678740000000005,-73.9788925,360470131001001,36,047,013100,1001
Point (990134.5305418074131012 204665.48753634840250015),990134.5305418073,204665.4875363484,274.0,40.728429999999996,-73.9787685,360610034001001,36,061,003400,1001
Point (990191.51418767869472504 222637.40730109810829163),990191.5141876787,222637.40730109808,208.0,40.77776,-73.97854699999999,360610157006000,36,061,015700,6000
Point (990265.18169126659631729 204898.20688718557357788),990265.1816912666,204898.20688718557,457.0,40.72907,-73.9782969,360610034001000,36,061,003400,1000
Point (990325.22897930443286896 222877.49786422401666641),990325.2289793044,222877.497864224,209.0,40.778420000000004,-73.97806390000001,360610157005000,36,061,015700,5000
Point (990332.88053880631923676 187003.6529453918337822),990332.8805388062,187003.65294539183,89.0,40.679959999999994,-73.9780689,360470129013000,36,047,012901,3000
Point (990392.94472314417362213 187119.00868581235408783),990392.9447231442,187119.00868581235,90.0,40.68027,-73.9778522,360470129012001,36,047,012901,2001
Point (990440.33439213538076729 204339.57578660300350748),990440.3343921355,204339.57578660297,498.0,40.727540000000005,-73.9776655,360610028002000,36,061,002800,2000
Point (990452.74922951310873032 187234.89444485306739807),990452.7492295131,187234.8944448531,120.0,40.68059,-73.9776365,360470129012001,36,047,012901,2001
Point (990453.12078388780355453 223108.65078118443489075),990453.1207838878,223108.65078118446,210.0,40.77906,-73.977602,360610161005000,36,061,016100,5000
Point (990470.757559634745121 184721.85435939580202103),990470.7575596349,184721.85435939577,87.0,40.67369,-73.97757390000001,360470157002001,36,047,015700,2001
Point (990506.16726572066545486 224136.63510972261428833),990506.1672657208,224136.6351097226,211.0,40.78188,-73.9774095,360610165003000,36,061,016500,3000
Point (990562.60694942623376846 187448.80133330821990967),990562.6069494262,187448.80133330825,121.0,40.68118,-73.9772402,360470129012000,36,047,012901,2000
Point (990581.82590705156326294 223339.42312147468328476),990581.8259070516,223339.42312147468,281.0,40.77969,-73.977137,360610161006000,36,061,016100,6000
Point (990624.17933284491300583 182063.79159809648990631),990624.1793328448,182063.7915980965,117.0,40.6664,-73.97702340000001,360470167001000,36,047,016700,1000
Point (990681.63394234329462051 187679.368785560131073),990681.6339423432,187679.36878556013,122.0,40.68181,-73.9768109,360470129014001,36,047,012901,4001
Point (990713.25149722397327423 223574.34992633759975433),990713.2514972241,223574.34992633763,540.0,40.78033,-73.97666219999999,360610161001002,36,061,016100,1002
Point (990781.03433410078287125 222774.19524931162595749),990781.0343341008,222774.19524931166,282.0,40.77814,-73.97641829999999,360610161004000,36,061,016100,4000
Point (990943.72478955239057541 228196.71557223051786423),990943.7247895524,228196.71557223052,283.0,40.79302,-73.9758254,360610179002000,36,061,017900,2000
Point (991221.34021201729774475 190099.19383434951305389),991221.3402120172,190099.19383434948,135.0,40.68845,-73.9748625,360470033001000,36,047,003300,1000
Point (991278.47215155512094498 211047.11027176678180695),991278.4721515551,211047.1102717668,207.0,40.74595,-73.9746345,360610078006002,36,061,007800,6002
Point (991313.82854410260915756 189482.0802391842007637),991313.8285441026,189482.08023918426,123.0,40.68676,-73.9745296,360470181003001,36,047,018100,3001
Point (991579.48122801631689072 175362.46559789031744003),991579.4812280164,175362.46559789035,112.0,40.648,-73.9735872,360470504012005,36,047,050401,2005
Point (991605.5433478057384491 210863.23104635626077652),991605.5433478056,210863.23104635626,206.0,40.74544,-73.9734543,360610078006002,36,061,007800,6002
Point (991642.98011676222085953 185290.43753980845212936),991642.9801167622,185290.43753980842,91.0,40.67525,-73.97334740000001,360470159004001,36,047,015900,4001
Point (991724.13612242788076401 191283.21049518883228302),991724.136122428,191283.21049518886,102.0,40.6917,-73.97304820000001,360470183003001,36,047,018300,3001
Point (991998.74662963300943375 191271.10093935579061508),991998.7466296328,191271.1009393558,136.0,40.69167,-73.9720579,360470183003000,36,047,018300,3000
Point (992276.63485338538885117 191257.05093464255332947),992276.6348533855,191257.05093464255,137.0,40.691629999999996,-73.9710559,360470183001001,36,047,018300,1001
Point (992358.52166467905044556 230749.33251422643661499),992358.521664679,230749.33251422644,295.0,40.80003,-73.9707128,360610191002000,36,061,019100,2000
Point (992523.22786413878202438 228700.33694031089544296),992523.2278641388,228700.3369403109,212.0,40.7944,-73.9701205,360610183006001,36,061,018300,6001
Point (992559.30325130373239517 191243.10083130747079849),992559.3032513036,191243.10083130747,103.0,40.691590000000005,-73.97003659999999,360470183001000,36,047,018300,1000
Point (992655.00253497064113617 228938.84696197509765625),992655.0025349706,228938.84696197513,213.0,40.79506,-73.9696443,360610183006000,36,061,018300,6000
Point (992756.60174122150056064 230528.35769371391506866),992756.6017412216,230528.35769371392,503.0,40.79942,-73.9692753,360610191004000,36,061,019100,4000
Point (992781.57872539013624191 229167.20264043658971786),992781.57872539,229167.2026404366,286.0,40.79568,-73.9691868,360610187006001,36,061,018700,6001
Point (992843.11239497363567352 186012.22759885340929031),992843.1123949736,186012.2275988534,124.0,40.67723,-73.9690199,360470163003001,36,047,016300,3001
Point (992844.47000380605459213 191232.80557630956172943),992844.4700038059,191232.80557630962,138.0,40.691559999999996,-73.9690083,360470195004000,36,047,019500,4000
Point (992911.51284872740507126 229400.87999460846185684),992911.5128487273,229400.87999460852,287.0,40.79632,-73.9687173,360610187006000,36,061,018700,6000
Point (992931.12550634890794754 186332.48302789032459259),992931.1255063488,186332.48302789035,125.0,40.67811,-73.9687022,360470163003000,36,047,016300,3000
Point (993018.76591505855321884 186652.11837942898273468),993018.7659150586,186652.11837942895,127.0,40.67899,-73.96838580000001,360470163002002,36,047,016300,2002
Point (993041.43089597299695015 229636.04947176948189735),993041.430895973,229636.04947176948,497.0,40.79697,-73.9682477,360610187005001,36,061,018700,5001
Point (993100.24377047270536423 186952.04740555584430695),993100.2437704728,186952.04740555587,95.0,40.679809999999996,-73.9680916,360470163002001,36,047,016300,2001
Point (993120.38349397480487823 191247.51847339421510696),993120.3834939748,191247.51847339424,104.0,40.6916,-73.9680133,360470195003000,36,047,019500,3000
Point (993162.57386235147714615 229853.61219280958175659),993162.5738623516,229853.6121928096,288.0,40.79757,-73.9678099,360610187005000,36,061,018700,5000
Point (993176.18899259716272354 187231.94513972848653793),993176.1889925972,187231.94513972852,96.0,40.68058,-73.96781740000002,360470163002000,36,047,016300,2000
Point (993248.64996971690561622 187536.98007209101342596),993248.6499697169,187536.980072091,534.0,40.68142,-73.9675558,360470203002000,36,047,020300,2000
Point (993291.98420063965022564 230086.09446242451667786),993291.9842006399,230086.0944624245,496.0,40.7982,-73.9673422,360610191006001,36,061,019100,6001
Point (993387.48614218086004257 191286.03217589855194092),993387.4861421807,191286.03217589852,105.0,40.69171,-73.9670501,360470195002000,36,047,019500,2000
Point (993416.48099888861179352 230312.86324280500411987),993416.4809988886,230312.863242805,218.0,40.79883,-73.9668922,360610191006000,36,061,019100,6000
Point (993465.95137238502502441 185153.63023468852043152),993465.951372385,185153.63023468846,126.0,40.67488,-73.96677559999999,360470207002000,36,047,020700,2000
Point (993528.81689626723527908 170258.92970918864011765),993528.8168962672,170258.92970918864,113.0,40.633990000000004,-73.96656949999999,360470526002002,36,047,052600,2002
Point (993542.9868154302239418 230541.72121684998273849),993542.9868154301,230541.72121685,219.0,40.79945,-73.966435,360610191005001,36,061,019100,5001
Point (993554.63032888621091843 185471.78100914508104324),993554.6303288862,185471.78100914508,92.0,40.67575,-73.96645550000001,360470207003000,36,047,020700,3000
Point (993614.91678968071937561 187261.94491568952798843),993614.9167896808,187261.94491568953,130.0,40.680659999999996,-73.96623559999999,360470203002000,36,047,020300,2000
Point (993641.2125048041343689 192323.40083605796098709),993641.212504804,192323.40083605802,106.0,40.69455,-73.9661337,360470191002008,36,047,019100,2008
Point (993642.99760621786117554 185792.0936887264251709),993642.997606218,185792.09368872645,93.0,40.676629999999996,-73.96613640000001,360470205003002,36,047,020500,3002
Point (993655.26431397348642349 191327.54291964322328568),993655.2643139736,191327.5429196432,139.0,40.69182,-73.9660844,360470195001000,36,047,019500,1000
Point (993674.5764472633600235 230779.4623752236366272),993674.5764472635,230779.46237522364,220.0,40.80011,-73.9659594,360610191005000,36,061,019100,5000
Point (993731.21084842830896378 186112.6114203929901123),993731.2108484284,186112.61142039302,128.0,40.67751,-73.965818,360470205002002,36,047,020500,2002
Point (993817.49520669877529144 231036.29535893350839615),993817.4952066988,231036.2953589335,488.0,40.80081,-73.96544279999999,360610195005000,36,061,019500,5000
Point (993818.93869134783744812 186432.9142574742436409),993818.9386913478,186432.91425747424,129.0,40.67839,-73.9655012,360470205001002,36,047,020500,1002
Point (993820.55023667961359024 170437.5450015664100647),993820.5502366795,170437.5450015664,84.0,40.634479999999996,-73.9655182,360470526003001,36,047,052600,3001
Point (993833.48918718099594116 198224.70366597920656204),993833.4891871809,198224.7036659792,140.0,40.71075,-73.9654319,360470549002016,36,047,054900,2016
Point (993900.87766788899898529 186732.94974663853645325),993900.8776678891,186732.9497466385,94.0,40.67921,-73.9652054,360470203002002,36,047,020300,2002
Point (993918.96658934012521058 198468.171026811003685),993918.96658934,198468.171026811,483.0,40.711420000000004,-73.96512320000001,360470549002018,36,047,054900,2018
Point (993943.20501105487346649 231263.19795630872249603),993943.2050110549,231263.19795630872,221.0,40.801429999999996,-73.96498840000001,360610195004000,36,061,019500,4000
Point (993977.15704289078712463 187012.60305872559547424),993977.1570428908,187012.6030587256,98.0,40.67998,-73.96493000000001,360470203002001,36,047,020300,2001
Point (994033.01437867432832718 198707.34230043739080429),994033.0143786743,198707.3423004374,141.0,40.71208,-73.96471149999999,360470549002002,36,047,054900,2002
Point (994057.74546439200639725 187281.69225151836872101),994057.745464392,187281.6922515184,452.0,40.68072,-73.964639,360470203002000,36,047,020300,2000
Point (994061.28613971918821335 170589.58357543498277664),994061.2861397192,170589.58357543498,85.0,40.6349,-73.9646506,360470520003000,36,047,052000,3000
Point (994069.65160855650901794 231493.05313964188098907),994069.6516085564,231493.0531396419,296.0,40.80206,-73.9645314,360610195003001,36,061,019500,3001
Point (994155.79284046590328217 198962.65855489671230316),994155.7928404658,198962.6585548967,142.0,40.71278,-73.9642683,360470551001008,36,047,055100,1008
Point (994193.87380105257034302 231717.24740909785032272),994193.8738010527,231717.24740909785,297.0,40.80268,-73.9640824,360610195003000,36,061,019500,3000
Point (994275.14644034206867218 199211.55077365040779114),994275.1464403421,199211.55077365047,107.0,40.71346,-73.9638374,360470551001007,36,047,055100,1007
Point (994301.85816513746976852 170741.678087517619133),994301.8581651377,170741.67808751765,114.0,40.63532,-73.96378359999999,360470520002003,36,047,052000,2003
Point (994315.11688752472400665 231936.62694628039025702),994315.1168875248,231936.6269462804,512.0,40.80328,-73.9636441,360610199006000,36,061,019900,6000
Point (994395.55646855384111404 199462.21628281474113464),994395.5564685537,199462.21628281477,108.0,40.71415,-73.9634026,360470551001006,36,047,055100,1006
Point (994407.60139197111129761 164494.03261038661003113),994407.6013919712,164494.0326103866,111.0,40.61817,-73.9634121,360470768002001,36,047,076800,2001
Point (994490.63403430581092834 170860.90225852280855179),994490.6340343058,170860.90225852278,86.0,40.63564,-73.9631033,360470520002005,36,047,052000,2005
Point (994509.56690326333045959 199695.63937239348888397),994509.5669032631,199695.63937239352,143.0,40.71479,-73.962991,360470551001000,36,047,055100,1000
Point (994611.06702835112810135 170936.55663476884365082),994611.0670283512,170936.55663476884,115.0,40.63585,-73.9626693,360470520002006,36,047,052000,2006
Point (994636.0709153488278389 199900.5159311443567276),994636.0709153491,199900.51593114441,109.0,40.71535,-73.96253440000001,360470555001021,36,047,055500,1021
Point (994755.9953802227973938 200050.42212739586830139),994755.9953802228,200050.42212739587,275.0,40.715759999999996,-73.9621015,360470555001022,36,047,055500,1022
Point (994787.60555322468280792 171048.47242143750190735),994787.6055532248,171048.4724214375,116.0,40.63616,-73.96203299999999,360470518003001,36,047,051800,3001
Point (994809.86436697095632553 221752.20319880545139313),994809.8643669707,221752.20319880548,458.0,40.77533,-73.96187309999999,360610142003000,36,061,014200,3000
Point (994875.90491729974746704 200197.00483947992324829),994875.9049172995,200197.00483947992,199.0,40.716159999999995,-73.9616688,360470555001018,36,047,055500,1018
Point (994911.65205709636211395 222950.56710785627365112),994911.6520570964,222950.5671078563,214.0,40.778620000000004,-73.9615037,360610142006001,36,061,014200,6001
Point (995031.09817646443843842 200387.18014810234308243),995031.0981764643,200387.18014810234,276.0,40.71669,-73.96110859999999,360470555001019,36,047,055500,1019
Point (995070.20767830312252045 185916.59311164915561676),995070.2076783031,185916.5931116492,97.0,40.676970000000004,-73.96099090000001,360470305002002,36,047,030500,2002
Point (995083.80509205907583237 188445.65350627154111862),995083.8050920592,188445.65350627157,131.0,40.68391,-73.9609378,360470231003000,36,047,023100,3000
Point (995200.99613063782453537 200595.69022976607084274),995200.9961306378,200595.6902297661,277.0,40.717259999999996,-73.9604954,360470555001007,36,047,055500,1007
Point (995213.73166947066783905 222480.78950410336256027),995213.7316694707,222480.78950410336,421.0,40.77733,-73.9604137,360610142002000,36,061,014200,2000
Point (995287.10914738476276398 221487.63056523352861404),995287.1091473849,221487.63056523356,420.0,40.7746,-73.9601504,360610140004000,36,061,014000,4000
Point (995365.23792813718318939 200797.5910726860165596),995365.2379281372,200797.59107268602,200.0,40.71781,-73.95990259999999,360470555001006,36,047,055500,1006
Point (995529.85226425528526306 200999.56425797939300537),995529.8522642552,200999.56425797942,201.0,40.71837,-73.9593084,360470555001005,36,047,055500,1005
Point (995694.67001204937696457 201201.48642630875110626),995694.6700120494,201201.48642630875,278.0,40.718920000000004,-73.9587135,360470557001002,36,047,055700,1002
Point (995859.17247176170349121 201402.70321547240018845),995859.1724717616,201402.70321547237,279.0,40.71947,-73.9581197,360470557002013,36,047,055700,2013
Point (995886.72466403245925903 224561.53206176683306694),995886.7246640323,224561.53206176683,489.0,40.78304,-73.95798020000001,360610150024001,36,061,015002,4001
Point (995948.14735943078994751 224824.10027022659778595),995948.1473594308,224824.1002702266,289.0,40.78376,-73.9577579,360610150024001,36,061,015002,4001
Point (996010.72072509676218033 199058.90672197937965393),996010.7207250969,199058.90672197932,144.0,40.71304,-73.9575771,360470519003006,36,047,051900,3006
Point (996024.11964842677116394 201603.85947326570749283),996024.1196484269,201603.8594732657,280.0,40.72002,-73.9575243,360470557002010,36,047,055700,2010
Point (996048.76412013918161392 236337.2076573520898819),996048.7641201392,236337.20765735212,298.0,40.81536,-73.9573744,360610219001016,36,061,021900,1016
Point (996075.8162313848733902 225053.1119513064622879),996075.8162313849,225053.1119513065,215.0,40.78439,-73.9572965,360610160013002,36,061,016001,3002
Point (996152.24193155765533447 231536.09291577339172363),996152.2419315577,231536.09291577345,222.0,40.80218,-73.9570091,360610197021002,36,061,019702,1002
Point (996189.02925955504179001 201805.30099951475858688),996189.0292595548,201805.30099951482,202.0,40.72058,-73.956929,360470557002009,36,047,055700,2009
Point (996203.64783267676830292 225281.94417081028223038),996203.6478326769,225281.9441708103,216.0,40.78501,-73.9568345,360610160013001,36,061,016001,3001
Point (996278.97576601058244705 231765.20991160720586777),996278.9757660106,231765.20991160718,299.0,40.80281,-73.95655090000001,360610197021000,36,061,019702,1000
Point (996353.52515760064125061 202006.69478964060544968),996353.5251576006,202006.69478964058,203.0,40.72113,-73.9563353,360470557002008,36,047,055700,2008
Point (996405.5762345939874649 231994.26686818897724152),996405.5762345941,231994.26686818895,300.0,40.80344,-73.9560932,360610201022001,36,061,020102,2001
Point (996408.09706288576126099 198869.4910903126001358),996408.0970628858,198869.49109031263,145.0,40.71252,-73.9561441,360470519003005,36,047,051900,3005
Point (996507.45988909155130386 224815.24530106037855148),996507.4598890916,224815.24530106038,422.0,40.78373,-73.9557383,360610160012002,36,061,016001,2002
Point (996537.33269680291414261 232231.97472610324621201),996537.3326968028,232231.97472610325,301.0,40.80409,-73.9556168,360610201022000,36,061,020102,2000
Point (996673.99777780473232269 232478.40582773089408875),996673.9977778048,232478.4058277309,302.0,40.80477,-73.9551227,360610201021001,36,061,020102,1001
Point (996716.31281784921884537 160554.16762268543243408),996716.3128178492,160554.16762268546,57.0,40.60735,-73.95510329999999,360470552002003,36,047,055200,2003
Point (996761.32240630686283112 225272.46239843219518661),996761.3224063069,225272.4623984322,423.0,40.78499,-73.9548207,360610160012000,36,061,016001,2000
Point (996805.7101128026843071 232716.25968272984027863),996805.7101128028,232716.25968272984,223.0,40.80542,-73.9546465,360610201021000,36,061,020102,1000
Point (996932.61110571771860123 232945.2078796848654747),996932.6111057176,232945.20787968484,224.00000000000003,40.80605,-73.95418769999999,360610257003004,36,061,025700,3004
Point (996956.50475871562957764 199833.59349280595779419),996956.5047587156,199833.59349280602,226.0,40.71516,-73.9541641,360470519002005,36,047,051900,2005
Point (997015.32124213874340057 225729.73543401807546616),997015.3212421387,225729.73543401808,424.0,40.78624,-73.9539027,360610160011000,36,061,016001,1000
Point (997059.33165280520915985 233174.09702164679765701),997059.3316528052,233174.0970216468,225.0,40.80668,-73.95372950000001,360610257003000,36,061,025700,3000
Point (997320.8644302636384964 195696.04222068935632706),997320.8644302636,195696.04222068933,110.0,40.70381,-73.9528578,360470529001001,36,047,052900,1001
Point (997968.42383068054914474 204087.86894093453884125),997968.4238306804,204087.86894093454,204.0,40.72684,-73.9505051,360470573002003,36,047,057300,2003
Point (998275.61432521790266037 226872.6171705573797226),998275.614325218,226872.61717055735,425.0,40.78938,-73.94934920000001,360610166004001,36,061,016600,4001
Point (998585.59237980842590332 223663.75367359817028046),998585.5923798084,223663.75367359817,290.0,40.780570000000004,-73.94823659999999,360610154021000,36,061,015402,1000
Point (998942.47470409423112869 232281.09487064182758331),998942.4747040942,232281.09487064183,459.0,40.80422,-73.9469292,360610200001000,36,061,020000,1000
Point (999219.43576434627175331 221024.02757183089852333),999219.4357643464,221024.02757183087,502.0,40.77332,-73.9459538,360610136042000,36,061,013604,2000
Point (999248.51214975863695145 184870.85373331606388092),999248.5121497586,184870.8537333161,132.0,40.67409,-73.9459296,360470341001001,36,047,034100,1001
Point (999339.11400268226861954 244433.58270473033189774),999339.1140026824,244433.58270473036,284.0,40.837579999999996,-73.9454691,360610247004000,36,061,024700,4000
Point (999345.32593251019716263 221250.38087568432092667),999345.3259325102,221250.38087568435,217.0,40.77394,-73.9454988,360610144013000,36,061,014401,3000
Point (999401.64324113726615906 199831.76459227502346039),999401.6432411371,199831.76459227505,227.0,40.71516,-73.9453438,360470497003002,36,047,049700,3002
Point (999478.5092291384935379 221489.88105285167694092),999478.5092291385,221489.88105285168,291.0,40.7746,-73.94501740000001,360610144011000,36,061,014401,1000
Point (999580.5861247181892395 227041.67076125927269459),999580.5861247181,227041.6707612593,511.0,40.789840000000005,-73.9446362,360610170002001,36,061,017000,2001
Point (999615.27076663821935654 221736.9443710595369339),999615.2707666381,221736.94437105954,292.0,40.77528,-73.9445231,360610144024000,36,061,014402,4000
Point (999619.21006321907043457 199990.64731256663799286),999619.2100632192,199990.64731256664,228.0,40.71559,-73.9445586,360470497003002,36,047,049700,3002
Point (999628.40476267784833908 189408.58005809783935547),999628.4047626778,189408.58005809784,101.0,40.68655,-73.9445497,360470265003000,36,047,026500,3000
Point (999669.20701047033071518 189141.54138614237308502),999669.2070104704,189141.54138614237,134.0,40.68581,-73.9444032,360470265004001,36,047,026500,4001
Point (999691.16858071833848953 203187.08170051872730255),999691.1685807185,203187.08170051876,205.0,40.72436,-73.94429170000001,360470591004001,36,047,059100,4001
Point (999709.87293963879346848 188874.52912489324808121),999709.8729396388,188874.52912489325,133.0,40.68508,-73.94425720000001,360470267001000,36,047,026700,1000
Point (999746.3152880072593689 221974.18831914663314819),999746.3152880071,221974.18831914663,293.0,40.775929999999995,-73.94404940000001,360610144025000,36,061,014402,5000
Point (999750.48145422339439392 188607.534908227622509),999750.4814542236,188607.53490822762,99.0,40.68435,-73.94411140000001,360470267002000,36,047,026700,2000
Point (999791.54305188858415931 188337.96294081211090088),999791.5430518886,188337.9629408121,521.0,40.683609999999994,-73.94396390000001,360470267003001,36,047,026700,3001
Point (999831.82791225612163544 188073.66770168393850327),999831.8279122559,188073.66770168394,100.0,40.68288,-73.9438193,360470267004001,36,047,026700,4001
Point (999860.11214047169778496 222183.84188058972358704),999860.1121404719,222183.8418805897,523.0,40.776509999999995,-73.943638,360610144026000,36,061,014402,6000
Point (999990.86433959007263184 228959.78359989076852798),999990.86433959,228959.78359989077,294.0,40.7951,-73.9431501,360610172001000,36,061,017200,1000
Point (1000068.96843207627534866 243437.58740341290831566),1000068.9684320764,243437.58740341288,491.0,40.83484,-73.9428339,360610245006001,36,061,024500,6001
Point (1000207.07306072115898132 203251.75660397857427597),1000207.0730607213,203251.75660397855,338.0,40.724540000000005,-73.9424303,360470591004000,36,047,059100,4000
Point (1000396.34597613662481308 202809.61362343281507492),1000396.3459761365,202809.61362343282,339.0,40.72333,-73.9417485,360470591002000,36,047,059100,2000
Point (1000522.85654988139867783 228665.29107864201068878),1000522.8565498814,228665.29107864198,348.0,40.794290000000004,-73.94122940000001,360610180002001,36,061,018000,2001
Point (1000648.48129864037036896 243116.41473539173603058),1000648.4812986405,243116.41473539177,357.0,40.83396,-73.94074040000001,360610245006000,36,061,024500,6000
Point (1000659.54574501514434814 202842.65177913755178452),1000659.5457450151,202842.65177913755,327.0,40.723420000000004,-73.9407989,360470591001000,36,047,059100,1000
Point (1000919.52898488938808441 202875.43714664131402969),1000919.5289848894,202875.43714664128,340.0,40.72351,-73.9398608,360470593002001,36,047,059300,2001
Point (1000920.23469213396310806 242964.34975080937147141),1000920.2346921341,242964.34975080934,358.0,40.83354,-73.93975879999999,360610243012004,36,061,024301,2004
Point (1001057.10023205482866615 244375.70825792351388372),1001057.1002320548,244375.7082579235,518.0,40.83741,-73.9392606,360610243013000,36,061,024301,3000
Point (1001115.02908601611852646 202898.33703522384166718),1001115.0290860159,202898.33703522378,341.0,40.72357,-73.9391555,360470593001005,36,047,059300,1005
Point (1001219.60417213290929794 192243.67806243896484375),1001219.604172133,192243.67806243894,309.0,40.694320000000005,-73.9388051,360470283003000,36,047,028300,3000
Point (1001385.81926785409450531 244194.57891764491796494),1001385.8192678541,244194.5789176449,494.0,40.83692,-73.9380731,360610243011000,36,061,024301,1000
Point (1001671.39772393554449081 199873.28042130917310715),1001671.3977239357,199873.28042130923,310.0,40.71526,-73.9371561,360470449011005,36,047,044901,1005
Point (1002183.75693542510271072 237120.72249452024698257),1002183.7569354251,237120.7224945203,336.0,40.8175,-73.93520840000001,360610214001001,36,061,021400,1001
Point (1002224.29819293320178986 206926.19594143331050873),1002224.2981929331,206926.19594143328,342.0,40.73462,-73.9351428,360810199011010,36,081,019901,1010
Point (1002961.80869296938180923 196328.43449264019727707),1002961.8086929694,196328.4344926402,311.0,40.705529999999996,-73.93251109999999,360470453002004,36,047,045300,2004
Point (1003420.63602335005998611 229500.2191988080739975),1003420.63602335,229500.21919880807,349.0,40.79658,-73.9307616,360610192001003,36,061,019200,1003
Point (1003765.42470384389162064 237433.65149464458227158),1003765.424703844,237433.65149464452,463.0,40.81835,-73.9294932,360050063015002,36,005,006301,5002
Point (1004181.12925300747156143 189144.09420255571603775),1004181.1292530077,189144.09420255566,285.0,40.68581,-73.92813459999999,360470385004001,36,047,038500,4001
Point (1004257.24114147573709488 254747.61374984681606293),1004257.2411414756,254747.6137498468,350.0,40.86587,-73.9276647,360610295002001,36,061,029500,2001
Point (1004389.94838918000459671 233363.56317814439535141),1004389.94838918,233363.56317814442,354.0,40.807179999999995,-73.9272491,360050019011010,36,005,001901,1010
Point (1004810.11306722462177277 236809.08876738697290421),1004810.1130672245,236809.08876738694,337.0,40.81664,-73.9257208,360050065001002,36,005,006500,1002
Point (1005078.51902647316455841 254742.49417347460985184),1005078.5190264732,254742.4941734746,351.0,40.86586,-73.9246954,360610291002000,36,061,029100,2000
Point (1005085.67367095348890871 223010.97581249277573079),1005085.6736709536,223010.9758124928,484.0,40.77876,-73.9247681,360810099001003,36,081,009900,1003
Point (1005295.28827797621488571 211538.40489285439252853),1005295.2882779762,211538.40489285442,328.0,40.74727,-73.9240472,360810171011009,36,081,017101,1009
Point (1005393.31990605592727661 198010.36059072613716125),1005393.3199060559,198010.36059072614,312.0,40.71014,-73.923736,360470449023025,36,047,044902,3025
Point (1005540.52400796860456467 218150.37132768332958221),1005540.5240079686,218150.37132768333,345.0,40.76542,-73.9231412,360810063001000,36,081,006300,1000
Point (1005552.61912813782691956 211499.77652522921562195),1005552.6191281378,211499.77652522922,329.0,40.747170000000004,-73.9231186,360810171011009,36,081,017101,1009
Point (1005809.91881038248538971 211460.76922135055065155),1005809.9188103824,211460.76922135052,343.0,40.74706,-73.9221902,360810171011009,36,081,017101,1009
Point (1006000.87905839085578918 217411.93120351433753967),1006000.8790583907,217411.93120351434,330.0,40.76339,-73.9214817,360810063002003,36,081,006300,2003
Point (1006058.48196155577898026 233046.62352330982685089),1006058.4819615558,233046.62352330986,355.0,40.806309999999996,-73.921223,360050025005002,36,005,002500,5002
Point (1006066.99490384012460709 211421.54521843045949936),1006066.99490384,211421.54521843046,344.0,40.74695,-73.9212625,360810171011009,36,081,017101,1009
Point (1006222.16306463629007339 217275.19919351488351822),1006222.1630646364,217275.19919351485,346.0,40.763020000000004,-73.9206834,360810063003000,36,081,006300,3000
Point (1006300.2132694274187088 193687.99325122684240341),1006300.2132694273,193687.99325122684,313.0,40.69828,-73.920479,360470431002004,36,047,043100,2004
Point (1006332.94630763679742813 188787.12149130553007126),1006332.9463076369,188787.12149130556,305.0,40.68483,-73.920377,360470377002000,36,047,037700,2000
Point (1006794.78372057527303696 236220.03778014704585075),1006794.7837205755,236220.03778014702,493.0,40.815020000000004,-73.9185527,360050043002002,36,005,004300,2002
Point (1006823.50142888724803925 212346.1076737642288208),1006823.5014288871,212346.10767376426,467.0,40.74949,-73.9185292,360810169001003,36,081,016900,1003
Point (1006906.82803388440515846 188191.98357397815561853),1006906.8280338844,188191.98357397816,539.0,40.68319,-73.9183098,360470377002002,36,047,037700,2002
Point (1006915.86016805469989777 212335.33259689062833786),1006915.8601680548,212335.33259689066,468.0,40.74946,-73.9181959,360810169001003,36,081,016900,1003
Point (1007043.8563031405210495 212314.21879397332668304),1007043.8563031405,212314.21879397333,460.0,40.7494,-73.917734,360810169001003,36,081,016900,1003
Point (1007248.0479879304766655 212281.73550920560956001),1007248.0479879305,212281.73550920558,485.0,40.749309999999994,-73.91699709999999,360810169001003,36,081,016900,1003
Point (1007503.62351024523377419 212243.38970335200428963),1007503.6235102451,212243.389703352,477.0,40.7492,-73.91607490000001,360810169001003,36,081,016900,1003
Point (1007764.00102426111698151 212204.21934206038713455),1007764.0010242612,212204.2193420604,331.0,40.7491,-73.9151353,360810169001002,36,081,016900,1002
Point (1007981.97565393149852753 180957.74935481697320938),1007981.9756539316,180957.74935481694,306.0,40.66333,-73.9144589,360470898001002,36,047,089800,1002
Point (1008021.04791830480098724 212165.1823466420173645),1008021.0479183048,212165.182346642,332.0,40.74899,-73.9142077,360810169001002,36,081,016900,1002
Point (1008229.08933293074369431 246042.98253710567951202),1008229.0893329307,246042.9825371057,450.0,40.84197,-73.9133359,360050209004002,36,005,020900,4002
Point (1008237.18019600957632065 181008.04961510747671127),1008237.1801960096,181008.04961510745,307.0,40.663470000000004,-73.9135388,360470898001001,36,047,089800,1001
Point (1008291.15783302986528724 212124.15322922667837702),1008291.15783303,212124.15322922668,505.0,40.748870000000004,-73.91323299999999,360810169001001,36,081,016900,1001
Point (1008497.37012838572263718 181059.25030010193586349),1008497.3701283856,181059.250300102,308.0,40.66361,-73.91260079999999,360470898001000,36,047,089800,1000
Point (1008535.76309622079133987 212087.58374855667352676),1008535.7630962208,212087.58374855667,333.0,40.74877,-73.9123503,360810169001001,36,081,016900,1001
Point (1008697.56067288666963577 212063.40892814099788666),1008697.5606728869,212063.40892814103,334.0,40.748709999999996,-73.9117665,360810169001000,36,081,016900,1000
Point (1008937.22571192681789398 212024.93804051727056503),1008937.2257119268,212024.93804051727,347.0,40.7486,-73.9109017,360810169001000,36,081,016900,1000
Point (1009360.59248330444097519 164968.04445764422416687),1009360.5924833043,164968.04445764422,303.0,40.619440000000004,-73.9095493,360470700002003,36,047,070000,2003
Point (1009381.77994092553853989 221687.71579498052597046),1009381.7799409257,221687.7157949805,335.0,40.77512,-73.9092611,360810113002001,36,081,011300,2001
Point (1009528.48863700777292252 233974.54850473254919052),1009528.4886370078,233974.54850473255,356.0,40.80885,-73.90868509999999,360050035001007,36,005,003500,1007
Point (1009579.63732080161571503 221504.17285497486591339),1009579.6373208016,221504.1728549749,353.0,40.77462,-73.9085474,360810113003000,36,081,011300,3000
Point (1009741.13224059343338013 192207.12186914682388306),1009741.1322405934,192207.1218691468,314.0,40.6942,-73.9080755,360470437004000,36,047,043700,4000
Point (1010732.49147834628820419 198669.39503380656242371),1010732.4914783464,198669.39503380656,304.0,40.711940000000006,-73.904475,360810593001002,36,081,059300,1002
Point (1011412.92652385926339775 195040.06305364271975122),1011412.9265238593,195040.06305364275,508.0,40.70197,-73.9020353,360810551004002,36,081,055100,4002
Point (1011462.00560330599546432 181057.50161593407392502),1011462.005603306,181057.50161593407,315.0,40.6636,-73.90191479999999,360470910004005,36,047,091000,4005
Point (1011485.763101726770401 258504.75781035423278809),1011485.7631017269,258504.75781035426,369.0,40.87617,-73.9015151,360050273002000,36,005,027300,2000
Point (1011626.59582530707120895 258397.51885160058736801),1011626.5958253072,258397.5188516006,362.0,40.87587,-73.90100629999999,360050273002001,36,005,027300,2001
Point (1011724.21242796629667282 252319.57874372601509094),1011724.2124279664,252319.57874372602,368.0,40.859190000000005,-73.9006783,360050237033000,36,005,023703,3000
Point (1012570.7175518125295639 239289.12857254015398212),1012570.7175518123,239289.12857254012,531.0,40.82342,-73.89767309999999,360050129011006,36,005,012901,1006
Point (1012841.78488660848233849 213458.80957128605223261),1012841.7848866085,213458.80957128605,536.0,40.752520000000004,-73.8968037,360810291004003,36,081,029100,4003
Point (1012843.77963327860925347 213441.76006470122956671),1012843.7796332786,213441.76006470126,538.0,40.75248,-73.89679659999999,360810291003003,36,081,029100,3003
Point (1012951.66617384552955627 242419.82672568410634995),1012951.6661738456,242419.8267256841,359.0,40.83201,-73.8962833,360050153002001,36,005,015300,2001
Point (1013138.35297238826751709 213504.1626083105802536),1013138.3529723884,213504.16260831055,390.0,40.75265,-73.89573309999999,360810291004002,36,081,029100,4002
Point (1013141.9897761344909668 213478.21777831017971039),1013141.9897761344,213478.21777831015,400.0,40.75258,-73.89572009999999,360810291003002,36,081,029100,3002
Point (1013396.06407114118337631 213541.33609039336442947),1013396.0640711413,213541.33609039336,397.0,40.75275,-73.8948028,360810291004001,36,081,029100,4001
Point (1013400.05028364062309265 213512.8748612254858017),1013400.0502836406,213512.87486122551,441.0,40.75267,-73.8947885,360810291003001,36,081,029100,3001
Point (1013653.80978268384933472 213578.34241402149200439),1013653.8097826837,213578.3424140215,438.0,40.75285,-73.8938724,360810291004000,36,081,029100,4000
Point (1013657.99629005789756775 213548.32606985419988632),1013657.996290058,213548.32606985423,391.0,40.75277,-73.8938574,360810291003000,36,081,029100,3000
Point (1013910.99119088798761368 213614.01196210086345673),1013910.991190888,213614.01196210086,408.0,40.75295,-73.892944,360810289001002,36,081,028900,1002
Point (1013915.02825630456209183 213585.01398859918117523),1013915.0282563046,213585.0139885992,443.0,40.75287,-73.89292950000001,360810289001003,36,081,028900,1003
Point (1014167.59500838071107864 213649.82209388911724091),1014167.5950083808,213649.82209388915,403.0,40.753040000000006,-73.8920176,360810289001001,36,081,028900,1001
Point (1014171.73230326175689697 213620.22897722572088242),1014171.7323032619,213620.22897722566,389.0,40.752959999999995,-73.8920028,360810289002001,36,081,028900,2001
Point (1014258.69292329996824265 249556.18499230593442917),1014258.6929233,249556.18499230593,365.0,40.8516,-73.89152829999999,360050375041002,36,005,037504,1002
Point (1014425.33071338385343552 213684.91536360234022141),1014425.3307133841,213684.91536360234,392.0,40.75314,-73.8910872,360810289001000,36,081,028900,1000
Point (1014429.47276546806097031 213655.35374293476343155),1014429.472765468,213655.3537429348,434.0,40.75306,-73.8910724,360810289002000,36,081,028900,2000
Point (1014430.57561759650707245 249475.81933939456939697),1014430.5756175964,249475.81933939454,360.0,40.85138,-73.8909074,360050375041003,36,005,037504,1003
Point (1014630.17872888594865799 184618.02320222556591034),1014630.178728886,184618.0232022256,316.0,40.673359999999995,-73.8904792,360471152002001,36,047,115200,2001
Point (1014683.05493547022342682 213720.8408166840672493),1014683.0549354701,213720.84081668407,433.0,40.753240000000005,-73.89015690000001,360810287004000,36,081,028700,4000
Point (1014687.06394976377487183 213692.02361709624528885),1014687.0639497638,213692.02361709625,429.0,40.75316,-73.89014250000001,360810287004001,36,081,028700,4001
Point (1014704.79242480546236038 249351.98920647799968719),1014704.7924248056,249351.989206478,366.0,40.851040000000005,-73.8899167,360050373001000,36,005,037300,1000
Point (1014940.40678296983242035 213756.2180425152182579),1014940.4067829695,213756.2180425152,428.0,40.75333,-73.88922779999999,360810287001001,36,081,028700,1001
Point (1014944.25191964209079742 213728.6083536371588707),1014944.251919642,213728.6083536372,409.0,40.75326,-73.88921409999999,360810287001002,36,081,028700,1002
Point (1015009.66058146953582764 250476.04060009866952896),1015009.6605814695,250476.0406000987,416.0,40.85412,-73.88880959999999,360050391004002,36,005,039100,4002
Point (1015166.1906161829829216 210166.86760968714952469),1015166.1906161831,210166.86760968715,352.0,40.74348,-73.8884294,360810267002003,36,081,026700,2003
Point (1015198.27372130006551743 213790.74536847323179245),1015198.2737213,213790.74536847323,411.0,40.75343,-73.888297,360810287001000,36,081,028700,1000
Point (1015201.75468546897172928 213765.14994722604751587),1015201.7546854691,213765.1499472261,393.0,40.75336,-73.8882845,360810285002001,36,081,028500,2001
Point (1015259.8602123036980629 250857.70010580867528915),1015259.8602123036,250857.7001058087,370.0,40.85517,-73.88790340000001,360050391005000,36,005,039100,5000
Point (1015411.51328826695680618 210217.56796760112047195),1015411.5132882671,210217.56796760112,363.0,40.74362,-73.8875439,360810267002002,36,081,026700,2002
Point (1015455.7141513004899025 213827.86160001158714294),1015455.7141513005,213827.8616000116,431.0,40.75353,-73.8873676,360810285001001,36,081,028500,1001
Point (1015455.8883635550737381 251162.59450913965702057),1015455.8883635552,251162.5945091397,371.0,40.856,-73.8871934,360050389003004,36,005,038900,3004
Point (1015459.52319879829883575 213800.17760027199983597),1015459.5231987984,213800.177600272,445.0,40.75345,-73.887354,360810285002000,36,081,028500,2000
Point (1015629.30550359934568405 243141.52820222824811935),1015629.3055035992,243141.52820222825,361.0,40.83399,-73.886604,360050157002004,36,005,015700,2004
Point (1015712.9150804728269577 213865.23357251286506653),1015712.9150804728,213865.2335725129,430.0,40.75363,-73.88643909999999,360810285001000,36,081,028500,1000
Point (1015717.22773588448762894 213834.629795141518116),1015717.2277358844,213834.62979514152,404.0,40.75355,-73.88642370000001,360810285001002,36,081,028500,1002
Point (1015970.58188797533512115 213899.78058347105979919),1015970.5818879751,213899.78058347106,432.0,40.75372,-73.8855089,360810283001001,36,081,028300,1001
Point (1015974.69129576534032822 213870.30721722543239594),1015974.6912957651,213870.3072172254,415.0,40.753640000000004,-73.88549420000001,360810283002001,36,081,028300,2001
Point (1016228.96227672696113586 213936.51459793001413345),1016228.9622767271,213936.51459793,406.0,40.753820000000005,-73.8845762,360810283001000,36,081,028300,1000
Point (1016232.23195522278547287 213906.50957264751195908),1016232.2319552228,213906.5095726475,436.0,40.75374,-73.8845645,360810283002000,36,081,028300,2000
Point (1016486.40287076681852341 213974.03109113872051239),1016486.4028707668,213974.03109113872,413.0,40.75393,-73.8836468,360810281001002,36,081,028100,1002
Point (1016489.97077701240777969 213941.8787604346871376),1016489.9707770123,213941.8787604347,402.0,40.753840000000004,-73.8836341,360810281002002,36,081,028100,2002
Point (1016743.14973259717226028 214008.94391501694917679),1016743.1497325972,214008.94391501692,414.0,40.754020000000004,-73.8827199,360810281001001,36,081,028100,1001
Point (1016747.53079339116811752 213977.49893197417259216),1016747.5307933913,213977.49893197414,388.0,40.75393,-73.8827043,360810281002001,36,081,028100,2001
Point (1017000.99862634390592575 214045.15611293911933899),1017000.998626344,214045.15611293915,444.0,40.75412,-73.88178909999999,360810281001000,36,081,028100,1000
Point (1017005.45531034469604492 214013.20096030831336975),1017005.4553103448,214013.20096030828,440.0,40.75403,-73.88177309999999,360810281002000,36,081,028100,2000
Point (1017258.41264563798904419 214081.38471502065658569),1017258.412645638,214081.38471502066,426.0,40.754220000000004,-73.8808598,360810279001001,36,081,027900,1001
Point (1017262.97628480195999146 214048.70269376784563065),1017262.9762848021,214048.70269376785,396.0,40.754129999999996,-73.88084350000001,360810279001002,36,081,027900,1002
Point (1017515.94001772254705429 214116.41892972588539124),1017515.9400177223,214116.41892972586,387.0,40.75431,-73.8799301,360810279001000,36,081,027900,1000
Point (1017520.39719384908676147 214084.48510251939296722),1017520.3971938492,214084.48510251942,437.0,40.75423,-73.8799142,360810279001003,36,081,027900,1003
Point (1017529.87218583130743355 213078.41017897924757563),1017529.8721858313,213078.41017897925,535.0,40.751459999999994,-73.879885,360810279002001,36,081,027900,2001
Point (1017773.44934521615505219 214151.38441097736358643),1017773.4493452163,214151.38441097733,439.0,40.75441,-73.8790005,360810277022001,36,081,027702,2001
Point (1017777.68178426474332809 214121.06655822694301605),1017777.6817842649,214121.0665582269,410.0,40.754329999999996,-73.8789854,360810277022002,36,081,027702,2002
Point (1017816.0068388506770134 211096.53783039748668671),1017816.0068388508,211096.5378303975,364.0,40.74602,-73.87886209999999,360810271022001,36,081,027102,2001
Point (1018030.76526759564876556 214187.89040751755237579),1018030.7652675956,214187.89040751755,398.0,40.754509999999996,-73.87807159999998,360810277022000,36,081,027702,2000
Point (1018035.01558718085289001 214157.4329553097486496),1018035.0155871807,214157.43295530972,394.0,40.75442,-73.8780564,360810277023001,36,081,027702,3001
Point (1018288.39122872054576874 214225.55945947766304016),1018288.3912287204,214225.55945947766,435.0,40.75461,-73.87714150000001,360810277021000,36,081,027702,1000
Point (1018292.90237455815076828 214193.13153877109289169),1018292.9023745582,214193.1315387711,399.0,40.75452,-73.87712540000001,360810277023000,36,081,027702,3000
Point (1018545.72175080329179764 214262.8705725222826004),1018545.7217508032,214262.87057252225,407.0,40.754709999999996,-73.8762125,360810275001001,36,081,027500,1001
Point (1018550.39529789239168167 214229.22874347865581512),1018550.3952978924,214229.22874347863,442.0,40.75462,-73.8761958,360810275002001,36,081,027500,2001
Point (1018802.99977955967187881 214299.70104347914457321),1018802.9997795598,214299.70104347914,427.0,40.75481,-73.87528370000001,360810275001000,36,081,027500,1000
Point (1018807.55685705691576004 214266.98621389269828796),1018807.5568570569,214266.9862138927,385.0,40.75472,-73.87526740000001,360810275002000,36,081,027500,2000
Point (1019060.84375205636024475 214333.64290472865104675),1019060.8437520564,214333.64290472868,395.0,40.7549,-73.8743528,360810273021001,36,081,027302,1001
Point (1019065.13983926177024841 214302.83112251758575439),1019065.1398392619,214302.83112251761,386.0,40.75482,-73.8743375,360810273021002,36,081,027302,1002
Point (1019352.63139025866985321 214372.51421806216239929),1019352.6313902588,214372.51421806216,401.0,40.75501,-73.8732995,360810273021000,36,081,027302,1000
Point (1019360.46733259409666061 214343.18717697262763977),1019360.4673325941,214343.18717697266,412.0,40.75493,-73.8732713,360810273022000,36,081,027302,2000
Point (1019508.77330238372087479 196364.5684426873922348),1019508.7733023836,196364.5684426874,317.0,40.70558,-73.87283029999999,360810633021001,36,081,063302,1001
Point (1019537.50290372222661972 217021.86489047855138779),1019537.5029037222,217021.86489047852,451.0,40.76228,-73.8726183,360810361001005,36,081,036100,1005
Point (1019633.84194988512899727 216738.59763111671782099),1019633.8419498851,216738.59763111672,514.0,40.7615,-73.872272,360810361001006,36,081,036100,1006
Point (1020719.26956905424594879 207924.18147826194763184),1020719.2695690542,207924.18147826195,367.0,40.7373,-73.86840169999999,360810457001005,36,081,045700,1005
Point (1021103.19252167642116547 210805.48034164309501648),1021103.1925216764,210805.4803416431,373.0,40.74521,-73.8670005,360810375011004,36,081,037501,1004
Point (1022122.64077804982662201 209885.01138206571340561),1022122.6407780498,209885.0113820657,372.0,40.74268,-73.8633266,360810411002004,36,081,041100,2004
Point (1022810.81796605128329247 193479.62908616859931499),1022810.8179660513,193479.6290861686,475.0,40.69765,-73.8609372,360810641021008,36,081,064102,1008
Point (1023978.38181722164154053 237684.40197739750146866),1023978.3818172215,237684.4019773975,374.0,40.81897,-73.8564653,360050016004003,36,005,001600,4003
Point (1026209.85601969016715884 194570.55720314051723108),1026209.8560196902,194570.55720314046,487.0,40.70063,-73.8486724,360810641021016,36,081,064102,1016
Point (1027385.74197934160474688 207511.3740689754486084),1027385.7419793416,207511.37406897548,519.0,40.73614,-73.84434859999999,360810383021055,36,081,038302,1055
Point (1027397.38285322184674442 208325.81915924249915406),1027397.3828532218,208325.8191592425,532.0,40.73838,-73.8443014,360810383021055,36,081,038302,1055
Point (1027527.48375225067138672 206852.59717131158686243),1027527.4837522508,206852.59717131162,527.0,40.73433,-73.84384140000002,360810383021055,36,081,038302,1055
Point (1027847.96162179112434387 206252.33661549040698446),1027847.9616217912,206252.33661549038,461.0,40.73268,-73.84268890000001,360810383021055,36,081,038302,1055
Point (1028901.11499249387998134 204826.51783049377263524),1028901.1149924941,204826.51783049374,476.0,40.72876,-73.8388984,360810383021055,36,081,038302,1055
Point (1029173.6326511480147019 207855.04330926050897688),1029173.632651148,207855.0433092605,525.0,40.73708,-73.83789490000001,360810383021055,36,081,038302,1055
Point (1029326.52648359269369394 198066.40417346291360445),1029326.5264835928,198066.40417346294,479.0,40.71021,-73.8374088,360810773003004,36,081,077300,3004
Point (1029375.07049888372421265 206872.16767022758722305),1029375.0704988836,206872.16767022762,382.0,40.73438,-73.8371746,360810383021055,36,081,038302,1055
Point (1029579.4219602644443512 206499.71746368333697319),1029579.4219602643,206499.7174636833,486.0,40.73335,-73.8364398,360810383021055,36,081,038302,1055
Point (1029845.91685232357122004 204371.4538760980067309),1029845.9168523236,204371.453876098,515.0,40.727509999999995,-73.8354926,360810383021055,36,081,038302,1055
Point (1030034.14638983213808388 205513.2587520033121109),1030034.146389832,205513.25875200328,516.0,40.73064,-73.8348058,360810383021055,36,081,038302,1055
Point (1030057.90476313605904579 204484.46197976917028427),1030057.904763136,204484.46197976923,528.0,40.72782,-73.834727,360810383021055,36,081,038302,1055
Point (1030152.26694317907094955 204706.33046647161245346),1030152.2669431792,204706.3304664716,473.0,40.728429999999996,-73.83438509999999,360810383021055,36,081,038302,1055
Point (1030170.80824468284845352 204753.3115076869726181),1030170.8082446828,204753.31150768694,472.0,40.728559999999995,-73.8343179,360810383021055,36,081,038302,1055
Point (1030226.79829017817974091 204922.33265914767980576),1030226.7982901782,204922.33265914765,481.0,40.72902,-73.8341147,360810383021055,36,081,038302,1055
Point (1031993.81903434544801712 197863.66551010310649872),1031993.8190343454,197863.66551010316,318.0,40.70964,-73.82778940000001,360810138001000,36,081,013800,1000
Point (1034200.22505459189414978 221645.03609031438827515),1034200.225054592,221645.03609031442,377.0,40.7749,-73.8196543,360811047005011,36,081,104700,5011
Point (1035613.27390171587467194 217303.49523273110389709),1035613.2739017158,217303.49523273113,376.0,40.76297,-73.81458570000001,360811167001003,36,081,116700,1003
Point (1037401.154840387403965 203228.04864613711833954),1037401.1548403873,203228.04864613712,375.0,40.72433,-73.8082429,360811257002002,36,081,125700,2002
Point (1047345.95237201452255249 218413.41181210428476334),1047345.9523720144,218413.41181210426,379.0,40.76594,-73.7722221,360811123002002,36,081,112300,2002
Point (1047515.35180355608463287 217997.02140472829341888),1047515.351803556,217997.0214047283,381.0,40.7648,-73.7716145,360811123002006,36,081,112300,2006
Point (1047644.6264793872833252 217684.10208306461572647),1047644.6264793872,217684.10208306464,380.0,40.763940000000005,-73.77115079999999,360811123002010,36,081,112300,2010
Point (1047905.36431092768907547 217608.04416431486606598),1047905.3643109277,217608.0441643149,378.0,40.763729999999995,-73.7702103,360811123002010,36,081,112300,2010
Point (1051128.20547021925449371 185860.95673997700214386),1051128.2054702193,185860.95673997694,322.0,40.67657,-73.7588917,360810352002004,36,081,035200,2004
Point (1055188.49448436009697616 159928.68391084173345007),1055188.49448436,159928.6839108417,517.0,40.60536,-73.74452640000001,360811032022008,36,081,103202,2008
Point (1055376.34461171925067902 159644.69929727166891098),1055376.3446117193,159644.69929727167,542.0,40.60458,-73.74385290000001,360811032022017,36,081,103202,2017
Point (1055515.97687838226556778 159444.33060351759195328),1055515.9768783823,159444.33060351762,405.0,40.60403,-73.7433521,360811032022017,36,081,103202,2017
Point (1055628.35870742797851563 159278.94215476512908936),1055628.358707428,159278.94215476513,541.0,40.60357,-73.74294920000001,360811010021006,36,081,101002,1006
Point (1055764.42202891898341477 159090.54013656079769135),1055764.422028919,159090.5401365608,504.0,40.60305,-73.74246120000001,360811010021006,36,081,101002,1006
Point (1055818.81272284686565399 159029.67723335325717926),1055818.8127228469,159029.67723335323,323.0,40.60289,-73.7422659,360811010021005,36,081,101002,1005
Point (1055899.38998951017856598 158915.44206155836582184),1055899.3899895102,158915.44206155837,324.0,40.60257,-73.741977,360811010021005,36,081,101002,1005
Point (1056074.98569662659429014 158679.73855846267542802),1056074.9856966266,158679.73855846268,325.0,40.60192,-73.74134709999998,360811010021009,36,081,101002,1009
Point (1056284.10559147596359253 158493.06757822632789612),1056284.105591476,158493.06757822636,326.0,40.601409999999994,-73.740596,360811010021003,36,081,101002,1003
Point (1056446.62167064100503922 158342.20994030684232712),1056446.621670641,158342.20994030684,319.99999999999994,40.60099,-73.74001240000001,360811010021000,36,081,101002,1000
Point (1056606.48847688734531403 158161.32447531074285507),1056606.488476887,158161.32447531074,321.0,40.6005,-73.7394387,360811010021000,36,081,101002,1000
Point (1056766.34396426379680634 157966.61341460794210434),1056766.3439642638,157966.61341460794,319.0,40.599959999999996,-73.7388651,360811010021000,36,081,101002,1000
