wkt_geom	MEAN_X	MEAN_Y	object_id	lat	lon
Point (932357.50813676416873932 129799.67795068770647049)	932357.5081367642	129799.6779506877	1	40.52279	-74.1866524
Point (952222.48087393492460251 147937.07851964235305786)	952222.4808739349	147937.07851964235	384	40.57267	-74.1152858
Point (957307.78094421629793942 167722.35563442367129028)	957307.7809442163	167722.35563442367	480	40.62699	-74.0970596
Point (961974.16859200922772288 165665.95652055242680945)	961974.1685920092	165665.95652055243	501	40.62136	-74.0802422
Point (962028.83035567402839661 168307.75644618272781372)	962028.830355674	168307.75644618273	6	40.62861	-74.0800539
Point (962788.35316952562425286 167729.74289311468601227)	962788.3531695256	167729.7428931147	529	40.62703	-74.0773158
Point (963108.36248139292001724 167776.88464047759771347)	963108.3624813929	167776.8846404776	2	40.62716	-74.0761631
Point (963270.09468744695186615 171431.22526485100388527)	963270.0946874468	171431.225264851	499	40.63719	-74.0755918
Point (974931.65018646419048309 166815.33554652333259583)	974931.6501864642	166815.33554652333	3	40.62454	-74.0335682
Point (975254.32621434330940247 167850.74144814163446426)	975254.3262143433	167850.74144814163	8	40.62738	-74.0324072
Point (977255.1558740958571434 166337.79959214478731155)	977255.1558740959	166337.7995921448	9	40.62323	-74.0251976
Point (977337.73937034606933594 166603.98196659982204437)	977337.7393703461	166603.98196659982	9.999999999999998	40.62396	-74.0249004
Point (977420.87896784394979477 166869.78376439213752747)	977420.878967844	166869.78376439214	4	40.62469	-74.0246011
Point (977586.55268505215644836 167402.69132718443870544)	977586.5526850522	167402.69132718444	11	40.62616	-74.0240048
Point (977627.95516130328178406 171464.6964905634522438)	977627.9551613032	171464.69649056342	16	40.6373	-74.0238596
Point (977669.43982242792844772 167669.01133260130882263)	977669.4398224279	167669.0113326013	12	40.62689	-74.0237065
Point (977835.09729951620101929 168200.1059068962931633)	977835.0972995163	168200.1059068963	13	40.62834	-74.0231102
Point (977921.22425980865955353 168476.03727760165929794)	977921.2242598087	168476.03727760166	4.999999999999999	40.6291	-74.0228002
Point (978176.32857242971658707 169293.57698109745979309)	978176.3285724297	169293.57698109746	14.000000000000002	40.63135	-74.0218819
Point (978266.49555089324712753 169583.30097514390945435)	978266.4955508932	169583.3009751439	15	40.63214	-74.0215573
Point (979631.23347100615501404 185234.10366297513246536)	979631.2334710062	185234.10366297513	17	40.6751	-74.016651
Point (981166.22055851668119431 195609.50499218702316284)	981166.2205585166	195609.50499218702	70	40.70358	-74.0111219
Point (981318.81375726312398911 195674.70794577151536942)	981318.8137572632	195674.7079457715	71	40.70376	-74.0105716
Point (981332.71306236088275909 196981.39819108447409235)	981332.7130623609	196981.39819108447	524	40.70734	-74.010522
Point (981374.08156375586986542 195885.29732846716069616)	981374.0815637558	195885.29732846716	37	40.70434	-74.0103724
Point (981472.07444155961275101 200340.58066780865192413)	981472.0744415596	200340.58066780865	147	40.71656	-74.0100207
Point (981483.79062546789646149 195826.40383660048246384)	981483.7906254679	195826.40383660048	36	40.70417	-74.0099767
Point (981502.48136892914772034 196006.49058272689580917)	981502.4813689291	196006.4905827269	72	40.70467	-74.0099093
Point (981598.26841488480567932 200743.91647530347108841)	981598.2684148848	200743.91647530347	146	40.71767	-74.0095657
Point (981704.93191546946763992 196018.95446855574846268)	981704.9319154695	196018.95446855575	73	40.7047	-74.0091791
Point (981824.87557321786880493 200412.47340460121631622)	981824.8755732179	200412.47340460122	229	40.71676	-74.0087481
Point (981867.96751458942890167 206339.39314522594213486)	981867.9675145894	206339.39314522594	148	40.73303	-74.0085947
Point (981911.24553390091750771 196179.69960857182741165)	981911.2455339009	196179.69960857183	38	40.70514	-74.0084351
Point (981950.04182551056146622 176851.28299427032470703)	981950.0418255106	176851.28299427032	446	40.65209	-74.0082887
Point (981956.05313238501548767 198368.66564839085913263)	981956.053132385	198368.66564839086	537	40.71115	-74.0082742
Point (982037.65090226382017136 196310.92255260050296783)	982037.6509022638	196310.9225526005	39	40.7055	-74.0079792
Point (982042.40154892951250076 204554.41443172842264175)	982042.4015489295	204554.41443172842	230	40.72813	-74.0079647
Point (982151.79437475651502609 198203.88169318437576294)	982151.7943747565	198203.88169318435	39.99999999999999	40.7107	-74.0075681
Point (982240.39475530385971069 208659.31517859548330307)	982240.3947553037	208659.31517859548	233	40.7394	-74.0072516
Point (982271.94816988706588745 208868.57509472221136093)	982271.9481698871	208868.5750947222	234	40.73997	-74.0071378
Point (982400.33866113424301147 209100.85793068259954453)	982400.3386611344	209100.8579306826	153	40.74061	-74.0066745
Point (982545.76340309530496597 206112.39064647257328033)	982545.7634030953	206112.39064647257	231	40.73241	-74.006149
Point (982689.67387643456459045 206116.42279063910245895)	982689.6738764346	206116.4227906391	232	40.73242	-74.0056297
Point (982788.74027934670448303 203404.99579881131649017)	982788.7402793467	203404.99579881132	235	40.72498	-74.0052717
Point (982799.78553284704685211 209344.63508420437574387)	982799.785532847	209344.63508420438	500	40.74128	-74.0052331
Point (982802.9840172603726387 207528.70539914816617966)	982802.9840172604	207528.70539914814	152	40.73629	-74.0052212
Point (982855.98440338671207428 207290.47572468966245651)	982855.9844033867	207290.47572468966	151	40.73564	-74.0050299
Point (982886.45579914003610611 174945.81895743310451508)	982886.45579914	174945.8189574331	19.999999999999996	40.64686	-74.0049136
Point (982908.50234296917915344 207053.24670439958572388)	982908.5023429692	207053.2467043996	150	40.73499	-74.0048403
Point (982945.4345744401216507 203235.87769872942590155)	982945.4345744401	203235.8776987294	522	40.72451	-74.0047064
Point (982959.7423979714512825 206817.51062731444835663)	982959.7423979715	206817.51062731445	149	40.73434	-74.0046554
Point (982977.51226619386579841 203526.16780056059360504)	982977.5122661939	203526.1678005606	526	40.72531	-74.0045907
Point (983024.78984005749225616 206586.52700135111808777)	983024.7898400575	206586.52700135112	237	40.73371	-74.0044207
Point (983105.88859517872333527 206387.12287259846925735)	983105.8885951787	206387.12287259847	238	40.73316	-74.004128
Point (983145.95462396740913391 185743.10379327088594437)	983145.9546239674	185743.1037932709	21	40.6765	-74.0039802
Point (983182.4865390956401825 177203.82395585626363754)	983182.4865390956	177203.82395585626	447	40.65306	-74.0038472
Point (983198.11265613883733749 206192.61686397343873978)	983198.1126561388	206192.61686397344	156	40.73263	-74.0037952
Point (983228.26187405735254288 210996.47946751862764359)	983228.2618740574	210996.47946751863	263	40.74581	-74.0036871
Point (983229.22332225739955902 205710.53285439312458038)	983229.2233222574	205710.53285439312	383	40.7313	-74.0036829
Point (983237.86274068057537079 173505.7086486890912056)	983237.8627406807	173505.70864868912	19	40.64291	-74.0036471
Point (983418.72770047187805176 203440.61400184780359268)	983418.7277004719	203440.6140018478	154	40.72507	-74.0029989
Point (983534.36936551332473755 197199.1086043119430542)	983534.3693655133	197199.10860431194	464	40.70794	-74.002581
Point (983562.08699379861354828 205978.22260772436857224)	983562.0869937986	205978.22260772437	157	40.73204	-74.0024819
Point (983597.2366938441991806 204433.52868268638849258)	983597.2366938442	204433.5286826864	453	40.7278	-74.0023549
Point (983618.66332422196865082 203313.11261643469333649)	983618.663324222	203313.1126164347	236	40.72472	-74.0022775
Point (983639.37916205078363419 197426.75513064116239548)	983639.3791620507	197426.75513064116	41	40.70857	-74.0022023
Point (983660.50597894692327827 187146.48063436150550842)	983660.5059789469	187146.4806343615	513	40.68035	-74.0021252
Point (983661.48295643180608749 209920.27738764137029648)	983661.4829564318	209920.27738764137	164	40.74286	-74.0021236
Point (983666.95899534225463867 206594.52411461994051933)	983666.9589953423	206594.5241146199	474	40.73373	-74.0021035
Point (983680.1049664244055748 205768.55767273157835007)	983680.1049664244	205768.55767273158	155	40.73146	-74.002056
Point (983796.82897838950157166 207180.58929747343063354)	983796.8289783895	207180.58929747343	239	40.73534	-74.001635
Point (983838.98604629933834076 206988.99174759536981583)	983838.9860462993	206988.99174759537	158	40.73481	-74.0014828
Point (983841.00113413482904434 187633.22025580704212189)	983841.0011341348	187633.22025580704	22	40.68169	-74.0014745
Point (983890.21297796815633774 206754.95989938825368881)	983890.2129779682	206754.95989938825	159	40.73417	-74.001298
Point (984197.64444972574710846 214818.82287268340587616)	984197.6444497259	214818.8228726834	471	40.7563	-74.0001887
Point (984287.51697339117527008 205506.89185747504234314)	984287.5169733912	205506.89185747504	161	40.73075	-73.9998644
Point (984330.12318738549947739 214745.67226438969373703)	984330.1231873855	214745.6722643897	470	40.7561	-73.9997105
Point (984428.06787338852882385 205724.6586463525891304)	984428.0678733885	205724.6586463526	241	40.73134	-73.9993573
Point (984528.8899158388376236 192064.44531722663668916)	984528.8899158388	192064.44531722664	482	40.69385	-73.9989941
Point (984565.44128630310297012 205938.1898793950676918)	984565.4412863031	205938.18987939507	163	40.73193	-73.9988616
Point (984680.59853630512952805 206117.64162022620439529)	984680.5985363051	206117.6416202262	242	40.73242	-73.9984461
Point (984710.09191563725471497 205233.40930076688528061)	984710.0919156373	205233.40930076689	162	40.72999	-73.9983397
Point (984752.62119409441947937 203210.26210034638643265)	984752.6211940944	203210.2621003464	159.99999999999997	40.72444	-73.9981864
Point (984767.2797933891415596 206250.72550760209560394)	984767.2797933891	206250.7255076021	243	40.73279	-73.9981333
Point (984815.17405455559492111 191999.65082739293575287)	984815.1740545556	191999.65082739294	75	40.69367	-73.9979618
Point (984845.8731036881217733 199525.07854408025741577)	984845.8731036881	199525.0785440803	478	40.71433	-73.9978504
Point (984958.68032921850681305 202301.19534893333911896)	984958.6803292185	202301.19534893334	240	40.72195	-73.9974431
Point (984999.64809504896402359 208620.51620764285326004)	984999.648095049	208620.51620764282	170	40.73929	-73.9972946
Point (985036.35143372416496277 191947.43620084971189499)	985036.3514337242	191947.4362008497	74	40.69353	-73.9971642
Point (985270.18741618096828461 205184.99929260462522507)	985270.187416181	205184.99929260463	244	40.72986	-73.9963189
Point (985284.67951317876577377 190114.14934906363487244)	985284.6795131788	190114.14934906363	42	40.6885	-73.996269
Point (985410.09871771931648254 205396.86074551939964294)	985410.0987177193	205396.8607455194	245	40.73044	-73.995814
Point (985540.97772105038166046 205588.80573564022779465)	985540.9777210504	205588.80573564023	246	40.73097	-73.9953418
Point (985612.00628634542226791 202128.41354227066040039)	985612.0062863454	202128.41354227066	165	40.72147	-73.9950862
Point (985648.21503938734531403 205749.23192397505044937)	985648.2150393873	205749.23192397505	167	40.73141	-73.9949548
Point (985762.02058605849742889 205923.56244801729917526)	985762.0205860585	205923.5624480173	247	40.73189	-73.9945441
Point (985793.77921676635742188 202329.32685435563325882)	985793.7792167664	202329.32685435566	166	40.72202	-73.9944304
Point (985897.07937105745077133 206130.3074413537979126)	985897.0793710575	206130.3074413538	168	40.73246	-73.9940568
Point (985927.16018359363079071 191501.02026297897100449)	985927.1601835936	191501.02026297897	76	40.6923	-73.993952
Point (985961.28199855238199234 202881.20419547706842422)	985961.2819985524	202881.20419547707	418	40.72354	-73.993826
Point (986001.85967329889535904 192072.27879893779754639)	986001.859673299	192072.2787989378	77	40.69387	-73.9936825
Point (986032.24314272403717041 206337.60541914403438568)	986032.243142724	206337.60541914403	169	40.73302	-73.993569
Point (986079.07703855633735657 203616.67204868793487549)	986079.0770385563	203616.67204868793	175	40.72556	-73.9934008
Point (986153.32246092706918716 203838.71950484812259674)	986153.3224609271	203838.71950484812	466	40.72617	-73.9931329
Point (986163.72122622281312943 202142.97027168422937393)	986163.7212262228	202142.97027168423	469	40.72151	-73.9930958
Point (986173.70939522236585617 206554.53428318351507187)	986173.7093952224	206554.53428318352	178	40.73362	-73.9930585
Point (986259.50236668437719345 181078.50436264276504517)	986259.5023666844	181078.50436264277	448.00000000000006	40.66369	-73.9927567
Point (986284.12190406024456024 203544.36871560662984848)	986284.1219040602	203544.36871560663	465	40.72536	-73.992661
Point (986301.01786763221025467 192931.66208672523498535)	986301.0178676322	192931.66208672523	78	40.69623	-73.9926034
Point (986319.99191105365753174 206778.39686039090156555)	986319.9919110537	206778.3968603909	179	40.73423	-73.9925306
Point (986333.05471301078796387 202076.6272285133600235)	986333.0547130109	202076.62722851336	250	40.72133	-73.992485
Point (986345.28779222071170807 191348.44658518582582474)	986345.2877922207	191348.44658518583	43	40.69188	-73.9924442
Point (986397.52013526856899261 194641.2569286897778511)	986397.5201352686	194641.25692868978	44	40.70092	-73.9922548
Point (986416.28289300948381424 201127.60337197780609131)	986416.2828930094	201127.6033719778	174	40.71872	-73.992185
Point (986555.17090263962745667 209449.05129597336053848)	986555.1709026396	209449.0512959734	257	40.74156	-73.9916811
Point (986602.81975746899843216 199694.58934168517589569)	986602.819757469	199694.58934168518	45	40.71479	-73.9915126
Point (986725.68368497490882874 201921.79322060197591782)	986725.6836849749	201921.79322060198	248	40.7209	-73.9910686
Point (986760.10782872140407562 199631.83192126452922821)	986760.1078287214	199631.83192126453	46	40.71462	-73.9909453
Point (986762.9047391340136528 200104.47549697756767273)	986762.904739134	200104.47549697757	171	40.71592	-73.990935
Point (986764.75988634675741196 205789.75021564215421677)	986764.7598863468	205789.75021564215	177	40.73152	-73.9909261
Point (986837.40606650710105896 195610.94839481264352798)	986837.4060665071	195610.94839481264	79	40.70358	-73.990668
Point (986852.00938376039266586 185997.45876356214284897)	986852.0093837604	185997.45876356214	60	40.6772	-73.9906191
Point (986885.31935650855302811 204014.58201401680707932)	986885.3193565086	204014.5820140168	176	40.72665	-73.9904918
Point (986886.62184734642505646 199583.81019972264766693)	986886.6218473464	199583.81019972265	79.99999999999999	40.71449	-73.9904889
Point (986890.05015414208173752 200938.08111322671175003)	986890.0501541421	200938.0811132267	173	40.7182	-73.990476
Point (986891.897263303399086 200743.41614822298288345)	986891.8972633034	200743.41614822295	172	40.71767	-73.9904694
Point (986954.50376538932323456 201829.41479643434286118)	986954.5037653893	201829.41479643434	249	40.72065	-73.9902431
Point (987004.2595713883638382 192711.38710076361894608)	987004.2595713884	192711.38710076362	417	40.69562	-73.9900674
Point (987015.02037663757801056 201059.89993126690387726)	987015.0203766376	201059.8999312669	419	40.71854	-73.9900251
Point (987062.29406818002462387 200869.58879613876342773)	987062.29406818	200869.58879613876	180	40.71802	-73.9898547
Point (987132.27932846546173096 195351.05226106196641922)	987132.2793284655	195351.05226106194	50	40.70287	-73.9896046
Point (987144.88625863194465637 181653.49222185462713242)	987144.886258632	181653.49222185463	24	40.66527	-73.9895651
Point (987163.2331707626581192 208964.9595804363489151)	987163.2331707627	208964.95958043632	256	40.74024	-73.989487
Point (987201.74900580197572708 216311.2304849773645401)	987201.749005802	216311.23048497736	265	40.7604	-73.9893448
Point (987201.88187955319881439 201730.70600435137748718)	987201.8818795532	201730.70600435138	181	40.72038	-73.9893507
Point (987226.49091826379299164 209236.89637251943349838)	987226.4909182638	209236.89637251943	462	40.74098	-73.9892586
Point (987274.72950288653373718 210125.15919572860002518)	987274.7295028867	210125.1591957286	184	40.74342	-73.9890841
Point (987314.29307205229997635 210398.95457988977432251)	987314.2930720523	210398.95457988977	264	40.74417	-73.9889412
Point (987353.3363010510802269 210670.51899739354848862)	987353.3363010511	210670.51899739355	190	40.74492	-73.9888002
Point (987355.64633580297231674 208430.27872722595930099)	987355.646335803	208430.27872722596	455	40.73877	-73.9887929
Point (987357.74934997409582138 204901.06925022602081299)	987357.7493499741	204901.06925022602	183	40.72908	-73.988787
Point (987360.16240289062261581 202155.82999005913734436)	987360.1624028906	202155.82999005914	253	40.72155	-73.9887795
Point (987372.6280931755900383 201665.23172584921121597)	987372.6280931756	201665.2317258492	251	40.7202	-73.9887348
Point (987395.85458871722221375 199353.87726064026355743)	987395.8545887172	199353.87726064026	51	40.71386	-73.9886521
Point (987426.13208721578121185 199095.88630680739879608)	987426.1320872158	199095.88630680743	83	40.71315	-73.988543
Point (987433.14814930409193039 189778.20825584977865219)	987433.1481493041	189778.20825584978	65	40.68757	-73.9885222
Point (987522.88058138638734818 191409.22746755927801132)	987522.8805813864	191409.22746755928	47	40.69205	-73.9881978
Point (987531.06462013721466064 191683.21478047221899033)	987531.0646201372	191683.21478047222	49	40.6928	-73.9881682
Point (987535.555916927754879 202086.2632000595331192)	987535.5559169278	202086.26320005953	254	40.72136	-73.9881468
Point (987559.00419680029153824 201834.10458364337682724)	987559.0041968003	201834.10458364338	252	40.72066	-73.9880624
Point (987563.28289559483528137 182311.85852322727441788)	987563.2828955948	182311.85852322725	25	40.66708	-73.9880566
Point (987580.97046957910060883 190286.50202272832393646)	987580.9704695792	190286.50202272832	506	40.68897	-73.9879889
Point (987644.24795676022768021 207713.12120485305786133)	987644.2479567601	207713.12120485306	454	40.7368	-73.9877518
Point (987648.77944376319646835 191487.05047464370727539)	987648.7794437632	191487.0504746437	48	40.69226	-73.9877438
Point (987678.32334793359041214 188773.21830389648675919)	987678.3233479336	188773.2183038965	64	40.68481	-73.9876386
Point (987685.54232955724000931 207273.51726122200489044)	987685.5423295572	207273.517261222	255	40.73559	-73.987603
Point (987702.75768226385116577 182531.47274935245513916)	987702.7576822639	182531.47274935246	62	40.66768	-73.9875538
Point (987737.00471569097135216 207940.60111953318119049)	987737.004715691	207940.60111953318	520	40.73742	-73.987417
Point (987797.80818113684654236 180196.82157876342535019)	987797.8081811368	180196.82157876343	23	40.66127	-73.9872124
Point (987812.53059263527393341 201490.50635351985692978)	987812.5305926353	201490.50635351986	182	40.71972	-73.9871479
Point (987842.00740376859903336 182750.95885893702507019)	987842.0074037686	182750.95885893705	63	40.66828	-73.9870517
Point (987896.9590655118227005 211694.70690964162349701)	987896.9590655118	211694.70690964162	266	40.74773	-73.9868378
Point (987914.7648041769862175 189969.70721668750047684)	987914.764804177	189969.7072166875	81	40.6881	-73.9867855
Point (987921.75855659693479538 165447.74773051589727402)	987921.758556597	165447.7477305159	7.000000000000001	40.62079	-73.9867737
Point (987983.75367539376020432 214500.33138368278741837)	987983.7536753938	214500.3313836828	191	40.75543	-73.9865229
Point (987986.70937813818454742 158329.72276055812835693)	987986.7093781383	158329.72276055813	18	40.60125	-73.9865438
Point (988031.856269471347332 190196.49498489499092102)	988031.8562694713	190196.494984895	52	40.68872	-73.9863631
Point (988036.84133167564868927 189469.02892014384269714)	988036.8413316756	189469.02892014384	27	40.68672	-73.9863456
Point (988048.31604626029729843 191256.52714960277080536)	988048.3160462603	191256.52714960277	53	40.69163	-73.9863032
Point (988085.05323219299316406 208602.06808180609368719)	988085.053232193	208602.0680818061	507	40.73924	-73.9861607
Point (988250.10566892474889755 179831.74045197665691376)	988250.1056689247	179831.74045197666	61	40.66027	-73.9855824
Point (988270.18354871869087219 206810.68846247345209122)	988270.1835487187	206810.68846247345	259	40.73432	-73.9854937
Point (988275.40565113723278046 189931.74321781098842621)	988275.4056511372	189931.743217811	82	40.68799	-73.9854851
Point (988279.85774197429418564 188466.88016985356807709)	988279.8577419743	188466.8801698536	26	40.68397	-73.9854699
Point (988343.12139497196767479 199420.72992658615112305)	988343.121394972	199420.72992658615	530	40.71404	-73.9852351
Point (988353.34315930306911469 212664.79508319497108459)	988353.3431593031	212664.79508319497	510	40.75039	-73.9851901
Point (988355.41812235116958618 208018.15028639882802963)	988355.4181223512	208018.15028639883	261	40.73764	-73.9851854
Point (988404.72576650977134705 206583.8567311018705368)	988404.7257665098	206583.85673110184	186	40.7337	-73.9850084
Point (988413.39274393022060394 216081.12923914194107056)	988413.3927439302	216081.12923914194	268	40.75977	-73.9849712
Point (988429.22522538900375366 210222.17507780343294144)	988429.225225389	210222.17507780343	456	40.74369	-73.9849177
Point (988490.00610776245594025 211364.97987881302833557)	988490.0061077625	211364.97987881303	267	40.74682	-73.9846976
Point (988495.40947622060775757 216334.17614118754863739)	988495.4094762206	216334.17614118755	192	40.76046	-73.984675
Point (988507.85236471891403198 203968.45923881232738495)	988507.8523647189	203968.45923881233	258	40.72652	-73.984638
Point (988526.93959688395261765 206808.12006209790706635)	988526.9395968841	206808.1200620979	260	40.73432	-73.9845673
Point (988570.72510643303394318 184286.0153360590338707)	988570.725106433	184286.01533605903	66	40.6725	-73.9844239
Point (988604.30033455789089203 216572.37464772909879684)	988604.300334558	216572.3746477291	193	40.76112	-73.9842818
Point (988631.00828638672828674 204192.78310117870569229)	988631.0082863867	204192.7831011787	185	40.72714	-73.9841935
Point (988638.42018100619316101 189161.72490876913070679)	988638.4201810062	189161.72490876913	67	40.68588	-73.9841766
Point (988676.62450092285871506 222686.27957868576049805)	988676.6245009229	222686.27957868576	196	40.7779	-73.9840167
Point (988677.58184809982776642 184068.25822564214468002)	988677.5818480998	184068.25822564214	28.000000000000004	40.6719	-73.9840388
Point (988700.49658245220780373 188252.94018599018454552)	988700.4965824522	188252.94018599016	495	40.68339	-73.9839534
Point (988726.52778039127588272 216804.00673039257526398)	988726.5277803913	216804.00673039258	269	40.76175	-73.9838404
Point (988778.51061605662107468 215432.8769267275929451)	988778.5106160565	215432.8769267276	271	40.75799	-73.9836537
Point (988817.16014505177736282 184287.75270134955644608)	988817.1601450517	184287.75270134956	29	40.6725	-73.9835355
Point (988842.15090872347354889 217037.94819164276123047)	988842.1509087235	217037.94819164276	194	40.76239	-73.9834229
Point (988861.50552880018949509 179347.42531168460845947)	988861.5055288002	179347.42531168464	58	40.65894	-73.983379
Point (988876.79716488718986511 189624.39294668287038803)	988876.7971648872	189624.39294668284	30	40.68715	-73.9833168
Point (988954.44235080480575562 217274.81139902025461197)	988954.4423508048	217274.81139902025	270	40.76304	-73.9830174
Point (988956.52830463647842407 184507.36971618235111237)	988956.5283046365	184507.36971618235	68	40.67311	-73.9830329
Point (989084.68077143281698227 190183.70957739651203156)	989084.6807714328	190183.7095773965	54	40.68869	-73.9825668
Point (989095.88990255445241928 184726.77232855558395386)	989095.8899025545	184726.77232855558	31	40.67371	-73.9825304
Point (989170.24966197460889816 190347.54291114956140518)	989170.2496619746	190347.54291114956	55	40.68913	-73.9822581
Point (989235.40881642699241638 184945.96660801768302917)	989235.408816427	184945.96660801768	33	40.67431	-73.9820272
Point (989298.36636767908930779 207077.39896908029913902)	989298.3663676791	207077.39896908027	490	40.73505	-73.9817835
Point (989367.22449767589569092 185154.6700948104262352)	989367.224497676	185154.67009481043	34	40.67488	-73.9815519
Point (989399.19507022202014923 203337.76414193958044052)	989399.195070222	203337.76414193958	187	40.72479	-73.9814226
Point (989443.62657584995031357 187873.45173072814941406)	989443.62657585	187873.45173072815	449	40.68234	-73.9812743
Point (989490.03281505405902863 185369.01021730899810791)	989490.032815054	185369.010217309	69	40.67547	-73.981109
Point (989520.22025468200445175 203553.87722676992416382)	989520.220254682	203553.87722676995	188	40.72538	-73.9809858
Point (989543.38310205191373825 221466.05203226953744888)	989543.383102052	221466.05203226954	272	40.77455	-73.9808881
Point (989571.00429207249544561 202818.82788030555821024)	989571.0042920725	202818.82788030556	509	40.72337	-73.9808032
Point (989638.77456153184175491 203768.05224133282899857)	989638.7745615318	203768.05224133283	492	40.72597	-73.9805579
Point (989668.64203788340091705 221694.31748780608177185)	989668.6420378833	221694.31748780608	273	40.77517	-73.9804356
Point (989689.36033634841442108 174288.97496272623538971)	989689.3603363484	174288.97496272624	59	40.64506	-73.9803994
Point (989755.20431007945444435 203982.01761064431047998)	989755.2043100795	203982.0176106443	533	40.72656	-73.9801377
Point (989795.17836617678403854 221923.84934501349925995)	989795.1783661767	221923.84934501353	195	40.7758	-73.9799786
Point (989848.4492570087313652 186062.20305664092302322)	989848.4492570088	186062.20305664092	35	40.67737	-73.9798162
Point (989879.48347971588373184 204206.66447106003761292)	989879.4834797159	204206.66447106	189	40.72717	-73.9796891
Point (989922.85855700820684433 222150.5626383051276207)	989922.8585570082	222150.56263830513	197	40.77643	-73.9795174
Point (989963.11569434404373169 190322.71520489454269409)	989963.1156943439	190322.71520489454	56.00000000000001	40.68907	-73.9793992
Point (989966.89357392489910126 186292.0925246849656105)	989966.8935739249	186292.09252468497	88	40.678	-73.979389
Point (990005.24766388535499573 204432.57461635023355484)	990005.2476638854	204432.57461635023	262	40.72779	-73.9792351
Point (990008.55851684510707855 183992.82825839519500732)	990008.5585168451	183992.8282583952	32	40.67169	-73.9792408
Point (990035.1593494713306427 186425.46512538939714432)	990035.1593494713	186425.4651253894	118	40.67837	-73.9791428
Point (990053.88979101181030273 222387.66616672277450562)	990053.8897910118	222387.6661667228	198	40.77708	-73.9790441
Point (990104.54585768282413483 186559.60527705401182175)	990104.5458576828	186559.605277054	119	40.67874	-73.9788925
Point (990134.5305418074131012 204665.48753634840250015)	990134.5305418074	204665.4875363484	274	40.72843	-73.9787685
Point (990191.51418767869472504 222637.40730109810829163)	990191.5141876787	222637.4073010981	208	40.77776	-73.978547
Point (990265.18169126659631729 204898.20688718557357788)	990265.1816912666	204898.20688718557	457	40.72907	-73.9782969
Point (990325.22897930443286896 222877.49786422401666641)	990325.2289793044	222877.49786422402	209	40.77842	-73.9780639
Point (990332.88053880631923676 187003.6529453918337822)	990332.8805388062	187003.65294539183	89	40.67996	-73.9780689
Point (990392.94472314417362213 187119.00868581235408783)	990392.9447231442	187119.00868581235	90	40.68027	-73.9778522
Point (990440.33439213538076729 204339.57578660300350748)	990440.3343921354	204339.57578660297	498	40.72754	-73.9776655
Point (990452.74922951310873032 187234.89444485306739807)	990452.7492295131	187234.89444485307	120	40.68059	-73.9776365
Point (990453.12078388780355453 223108.65078118443489075)	990453.1207838878	223108.65078118443	210	40.77906	-73.977602
Point (990470.757559634745121 184721.85435939580202103)	990470.7575596347	184721.8543593958	87	40.67369	-73.9775739
Point (990506.16726572066545486 224136.63510972261428833)	990506.1672657207	224136.6351097226	211	40.78188	-73.9774095
Point (990562.60694942623376846 187448.80133330821990967)	990562.6069494262	187448.80133330822	121	40.68118	-73.9772402
Point (990581.82590705156326294 223339.42312147468328476)	990581.8259070516	223339.42312147468	281	40.77969	-73.977137
Point (990624.17933284491300583 182063.79159809648990631)	990624.1793328449	182063.7915980965	117	40.6664	-73.9770234
Point (990681.63394234329462051 187679.368785560131073)	990681.6339423433	187679.36878556013	122	40.68181	-73.9768109
Point (990713.25149722397327423 223574.34992633759975433)	990713.2514972239	223574.3499263376	540	40.78033	-73.9766622
Point (990781.03433410078287125 222774.19524931162595749)	990781.0343341008	222774.19524931163	282	40.77814	-73.9764183
Point (990943.72478955239057541 228196.71557223051786423)	990943.7247895524	228196.71557223052	283	40.79302	-73.9758254
Point (991221.34021201729774475 190099.19383434951305389)	991221.3402120172	190099.1938343495	135	40.68845	-73.9748625
Point (991278.47215155512094498 211047.11027176678180695)	991278.4721515551	211047.11027176678	207	40.74595	-73.9746345
Point (991313.82854410260915756 189482.0802391842007637)	991313.8285441026	189482.08023918423	123	40.68676	-73.9745296
Point (991579.48122801631689072 175362.46559789031744003)	991579.4812280163	175362.46559789032	112.00000000000001	40.648	-73.9735872
Point (991605.5433478057384491 210863.23104635626077652)	991605.5433478057	210863.23104635626	206	40.74544	-73.9734543
Point (991642.98011676222085953 185290.43753980845212936)	991642.9801167622	185290.43753980845	91	40.67525	-73.9733474
Point (991724.13612242788076401 191283.21049518883228302)	991724.1361224279	191283.21049518883	102	40.6917	-73.9730482
Point (991998.74662963300943375 191271.10093935579061508)	991998.7466296329	191271.1009393558	136	40.69167	-73.9720579
Point (992276.63485338538885117 191257.05093464255332947)	992276.6348533854	191257.05093464255	137	40.69163	-73.9710559
Point (992358.52166467905044556 230749.33251422643661499)	992358.521664679	230749.33251422644	295	40.80003	-73.9707128
Point (992523.22786413878202438 228700.33694031089544296)	992523.2278641388	228700.3369403109	212	40.7944	-73.9701205
Point (992559.30325130373239517 191243.10083130747079849)	992559.3032513037	191243.10083130747	103	40.69159	-73.9700366
Point (992655.00253497064113617 228938.84696197509765625)	992655.0025349706	228938.8469619751	213	40.79506	-73.9696443
Point (992756.60174122150056064 230528.35769371391506866)	992756.6017412216	230528.35769371392	503	40.79942	-73.9692753
Point (992781.57872539013624191 229167.20264043658971786)	992781.5787253901	229167.2026404366	286	40.79568	-73.9691868
Point (992843.11239497363567352 186012.22759885340929031)	992843.1123949736	186012.2275988534	124	40.67723	-73.9690199
Point (992844.47000380605459213 191232.80557630956172943)	992844.470003806	191232.80557630956	138	40.69156	-73.9690083
Point (992911.51284872740507126 229400.87999460846185684)	992911.5128487274	229400.87999460846	287	40.79632	-73.9687173
Point (992931.12550634890794754 186332.48302789032459259)	992931.1255063489	186332.48302789035	125	40.67811	-73.9687022
Point (993018.76591505855321884 186652.11837942898273468)	993018.7659150586	186652.11837942898	127	40.67899	-73.9683858
Point (993041.43089597299695015 229636.04947176948189735)	993041.430895973	229636.04947176948	497	40.79697	-73.9682477
Point (993100.24377047270536423 186952.04740555584430695)	993100.2437704727	186952.04740555584	95	40.67981	-73.9680916
Point (993120.38349397480487823 191247.51847339421510696)	993120.3834939748	191247.51847339422	104	40.6916	-73.9680133
Point (993162.57386235147714615 229853.61219280958175659)	993162.5738623516	229853.61219280958	288	40.79757	-73.9678099
Point (993176.18899259716272354 187231.94513972848653793)	993176.1889925972	187231.9451397285	96	40.68058	-73.9678174
Point (993248.64996971690561622 187536.98007209101342596)	993248.6499697169	187536.980072091	534	40.68142	-73.9675558
Point (993291.98420063965022564 230086.09446242451667786)	993291.9842006398	230086.09446242452	496	40.7982	-73.9673422
Point (993387.48614218086004257 191286.03217589855194092)	993387.4861421809	191286.03217589855	105	40.69171	-73.9670501
Point (993416.48099888861179352 230312.86324280500411987)	993416.4809988886	230312.863242805	218	40.79883	-73.9668922
Point (993465.95137238502502441 185153.63023468852043152)	993465.951372385	185153.63023468852	126	40.67488	-73.9667756
Point (993528.81689626723527908 170258.92970918864011765)	993528.8168962672	170258.92970918864	113	40.63399	-73.9665695
Point (993542.9868154302239418 230541.72121684998273849)	993542.9868154302	230541.72121684998	219	40.79945	-73.966435
Point (993554.63032888621091843 185471.78100914508104324)	993554.6303288862	185471.78100914508	92	40.67575	-73.9664555
Point (993614.91678968071937561 187261.94491568952798843)	993614.9167896807	187261.94491568953	130	40.68066	-73.9662356
Point (993641.2125048041343689 192323.40083605796098709)	993641.2125048041	192323.40083605796	106	40.69455	-73.9661337
Point (993642.99760621786117554 185792.0936887264251709)	993642.9976062179	185792.09368872643	93	40.67663	-73.9661364
Point (993655.26431397348642349 191327.54291964322328568)	993655.2643139735	191327.54291964322	139	40.69182	-73.9660844
Point (993674.5764472633600235 230779.4623752236366272)	993674.5764472634	230779.46237522364	220	40.80011	-73.9659594
Point (993731.21084842830896378 186112.6114203929901123)	993731.2108484283	186112.611420393	128	40.67751	-73.965818
Point (993817.49520669877529144 231036.29535893350839615)	993817.4952066988	231036.2953589335	488	40.80081	-73.9654428
Point (993818.93869134783744812 186432.9142574742436409)	993818.9386913478	186432.91425747424	129	40.67839	-73.9655012
Point (993820.55023667961359024 170437.5450015664100647)	993820.5502366796	170437.5450015664	84	40.63448	-73.9655182
Point (993833.48918718099594116 198224.70366597920656204)	993833.489187181	198224.7036659792	140	40.71075	-73.9654319
Point (993900.87766788899898529 186732.94974663853645325)	993900.877667889	186732.9497466385	94	40.67921	-73.9652054
Point (993918.96658934012521058 198468.171026811003685)	993918.9665893401	198468.171026811	483	40.71142	-73.9651232
Point (993943.20501105487346649 231263.19795630872249603)	993943.2050110549	231263.19795630872	221	40.80143	-73.9649884
Point (993977.15704289078712463 187012.60305872559547424)	993977.1570428908	187012.6030587256	98	40.67998	-73.96493
Point (994033.01437867432832718 198707.34230043739080429)	994033.0143786744	198707.3423004374	141	40.71208	-73.9647115
Point (994057.74546439200639725 187281.69225151836872101)	994057.745464392	187281.69225151837	452	40.68072	-73.964639
Point (994061.28613971918821335 170589.58357543498277664)	994061.2861397192	170589.58357543498	85	40.6349	-73.9646506
Point (994069.65160855650901794 231493.05313964188098907)	994069.6516085565	231493.05313964188	296	40.80206	-73.9645314
Point (994155.79284046590328217 198962.65855489671230316)	994155.7928404658	198962.6585548967	142	40.71278	-73.9642683
Point (994193.87380105257034302 231717.24740909785032272)	994193.8738010526	231717.24740909782	297	40.80268	-73.9640824
Point (994275.14644034206867218 199211.55077365040779114)	994275.1464403421	199211.55077365044	107	40.71346	-73.9638374
Point (994301.85816513746976852 170741.678087517619133)	994301.8581651375	170741.67808751765	114	40.63532	-73.9637836
Point (994315.11688752472400665 231936.62694628039025702)	994315.1168875247	231936.6269462804	512	40.80328	-73.9636441
Point (994395.55646855384111404 199462.21628281474113464)	994395.5564685538	199462.21628281474	108	40.71415	-73.9634026
Point (994407.60139197111129761 164494.03261038661003113)	994407.6013919711	164494.0326103866	111	40.61817	-73.9634121
Point (994490.63403430581092834 170860.90225852280855179)	994490.6340343058	170860.9022585228	86	40.63564	-73.9631033
Point (994509.56690326333045959 199695.63937239348888397)	994509.5669032633	199695.6393723935	143	40.71479	-73.962991
Point (994611.06702835112810135 170936.55663476884365082)	994611.0670283511	170936.55663476884	115	40.63585	-73.9626693
Point (994636.0709153488278389 199900.5159311443567276)	994636.070915349	199900.51593114436	109	40.71535	-73.9625344
Point (994755.9953802227973938 200050.42212739586830139)	994755.9953802228	200050.42212739587	275	40.71576	-73.9621015
Point (994787.60555322468280792 171048.47242143750190735)	994787.6055532248	171048.4724214375	116	40.63616	-73.962033
Point (994809.86436697095632553 221752.20319880545139313)	994809.8643669708	221752.20319880545	458	40.77533	-73.9618731
Point (994875.90491729974746704 200197.00483947992324829)	994875.9049172997	200197.00483947992	199	40.71616	-73.9616688
Point (994911.65205709636211395 222950.56710785627365112)	994911.6520570964	222950.56710785627	214	40.77862	-73.9615037
Point (995031.09817646443843842 200387.18014810234308243)	995031.0981764644	200387.18014810234	276	40.71669	-73.9611086
Point (995070.20767830312252045 185916.59311164915561676)	995070.2076783031	185916.59311164916	97	40.67697	-73.9609909
Point (995083.80509205907583237 188445.65350627154111862)	995083.8050920591	188445.65350627154	131	40.68391	-73.9609378
Point (995200.99613063782453537 200595.69022976607084274)	995200.9961306378	200595.69022976607	277	40.71726	-73.9604954
Point (995213.73166947066783905 222480.78950410336256027)	995213.7316694706	222480.78950410336	421	40.77733	-73.9604137
Point (995287.10914738476276398 221487.63056523352861404)	995287.1091473848	221487.63056523353	420	40.7746	-73.9601504
Point (995365.23792813718318939 200797.5910726860165596)	995365.2379281372	200797.59107268602	200	40.71781	-73.9599026
Point (995529.85226425528526306 200999.56425797939300537)	995529.8522642553	200999.5642579794	201	40.71837	-73.9593084
Point (995694.67001204937696457 201201.48642630875110626)	995694.6700120494	201201.48642630875	278	40.71892	-73.9587135
Point (995859.17247176170349121 201402.70321547240018845)	995859.1724717617	201402.7032154724	279	40.71947	-73.9581197
Point (995886.72466403245925903 224561.53206176683306694)	995886.7246640325	224561.53206176683	489	40.78304	-73.9579802
Point (995948.14735943078994751 224824.10027022659778595)	995948.1473594308	224824.1002702266	289	40.78376	-73.9577579
Point (996010.72072509676218033 199058.90672197937965393)	996010.7207250968	199058.90672197938	144	40.71304	-73.9575771
Point (996024.11964842677116394 201603.85947326570749283)	996024.1196484268	201603.8594732657	280	40.72002	-73.9575243
Point (996048.76412013918161392 236337.2076573520898819)	996048.7641201392	236337.2076573521	298	40.81536	-73.9573744
Point (996075.8162313848733902 225053.1119513064622879)	996075.8162313849	225053.11195130646	215	40.78439	-73.9572965
Point (996152.24193155765533447 231536.09291577339172363)	996152.2419315577	231536.09291577342	222	40.80218	-73.9570091
Point (996189.02925955504179001 201805.30099951475858688)	996189.0292595549	201805.30099951476	202	40.72058	-73.956929
Point (996203.64783267676830292 225281.94417081028223038)	996203.6478326768	225281.94417081028	216	40.78501	-73.9568345
Point (996278.97576601058244705 231765.20991160720586777)	996278.9757660106	231765.2099116072	299	40.80281	-73.9565509
Point (996353.52515760064125061 202006.69478964060544968)	996353.5251576006	202006.6947896406	203	40.72113	-73.9563353
Point (996405.5762345939874649 231994.26686818897724152)	996405.576234594	231994.26686818898	300	40.80344	-73.9560932
Point (996408.09706288576126099 198869.4910903126001358)	996408.0970628858	198869.4910903126	145	40.71252	-73.9561441
Point (996507.45988909155130386 224815.24530106037855148)	996507.4598890916	224815.24530106038	422	40.78373	-73.9557383
Point (996537.33269680291414261 232231.97472610324621201)	996537.3326968029	232231.97472610325	301	40.80409	-73.9556168
Point (996673.99777780473232269 232478.40582773089408875)	996673.9977778047	232478.4058277309	302	40.80477	-73.9551227
Point (996716.31281784921884537 160554.16762268543243408)	996716.3128178492	160554.16762268543	57	40.60735	-73.9551033
Point (996761.32240630686283112 225272.46239843219518661)	996761.3224063069	225272.4623984322	423	40.78499	-73.9548207
Point (996805.7101128026843071 232716.25968272984027863)	996805.7101128027	232716.25968272984	223	40.80542	-73.9546465
Point (996932.61110571771860123 232945.2078796848654747)	996932.6111057177	232945.20787968484	224.00000000000003	40.80605	-73.9541877
Point (996956.50475871562957764 199833.59349280595779419)	996956.5047587156	199833.59349280596	226	40.71516	-73.9541641
Point (997015.32124213874340057 225729.73543401807546616)	997015.3212421387	225729.73543401808	424	40.78624	-73.9539027
Point (997059.33165280520915985 233174.09702164679765701)	997059.3316528052	233174.0970216468	225	40.80668	-73.9537295
Point (997320.8644302636384964 195696.04222068935632706)	997320.8644302636	195696.04222068936	110	40.70381	-73.9528578
Point (997968.42383068054914474 204087.86894093453884125)	997968.4238306805	204087.86894093454	204	40.72684	-73.9505051
Point (998275.61432521790266037 226872.6171705573797226)	998275.6143252179	226872.61717055738	425	40.78938	-73.9493492
Point (998585.59237980842590332 223663.75367359817028046)	998585.5923798084	223663.75367359817	290	40.78057	-73.9482366
Point (998942.47470409423112869 232281.09487064182758331)	998942.4747040942	232281.09487064183	459	40.80422	-73.9469292
Point (999219.43576434627175331 221024.02757183089852333)	999219.4357643463	221024.02757183087	502	40.77332	-73.9459538
Point (999248.51214975863695145 184870.85373331606388092)	999248.5121497586	184870.85373331606	132	40.67409	-73.9459296
Point (999339.11400268226861954 244433.58270473033189774)	999339.1140026823	244433.58270473033	284	40.83758	-73.9454691
Point (999345.32593251019716263 221250.38087568432092667)	999345.3259325102	221250.38087568432	217	40.77394	-73.9454988
Point (999401.64324113726615906 199831.76459227502346039)	999401.6432411373	199831.76459227502	227	40.71516	-73.9453438
Point (999478.5092291384935379 221489.88105285167694092)	999478.5092291385	221489.88105285168	291	40.7746	-73.9450174
Point (999580.5861247181892395 227041.67076125927269459)	999580.5861247182	227041.67076125927	511	40.78984	-73.9446362
Point (999615.27076663821935654 221736.9443710595369339)	999615.2707666382	221736.94437105954	292	40.77528	-73.9445231
Point (999619.21006321907043457 199990.64731256663799286)	999619.2100632192	199990.64731256664	228	40.71559	-73.9445586
Point (999628.40476267784833908 189408.58005809783935547)	999628.4047626778	189408.58005809784	101	40.68655	-73.9445497
Point (999669.20701047033071518 189141.54138614237308502)	999669.2070104704	189141.54138614237	134	40.68581	-73.9444032
Point (999691.16858071833848953 203187.08170051872730255)	999691.1685807183	203187.08170051873	205	40.72436	-73.9442917
Point (999709.87293963879346848 188874.52912489324808121)	999709.8729396388	188874.52912489325	133	40.68508	-73.9442572
Point (999746.3152880072593689 221974.18831914663314819)	999746.3152880073	221974.18831914663	293	40.77593	-73.9440494
Point (999750.48145422339439392 188607.534908227622509)	999750.4814542235	188607.53490822762	99	40.68435	-73.9441114
Point (999791.54305188858415931 188337.96294081211090088)	999791.5430518886	188337.9629408121	521	40.68361	-73.9439639
Point (999831.82791225612163544 188073.66770168393850327)	999831.8279122561	188073.66770168394	100	40.68288	-73.9438193
Point (999860.11214047169778496 222183.84188058972358704)	999860.1121404718	222183.84188058972	523	40.77651	-73.943638
Point (999990.86433959007263184 228959.78359989076852798)	999990.8643395901	228959.78359989077	294	40.7951	-73.9431501
Point (1000068.96843207627534866 243437.58740341290831566)	1000068.9684320763	243437.5874034129	491	40.83484	-73.9428339
Point (1000207.07306072115898132 203251.75660397857427597)	1000207.0730607212	203251.75660397857	338	40.72454	-73.9424303
Point (1000396.34597613662481308 202809.61362343281507492)	1000396.3459761366	202809.61362343282	339	40.72333	-73.9417485
Point (1000522.85654988139867783 228665.29107864201068878)	1000522.8565498814	228665.291078642	348	40.79429	-73.9412294
Point (1000648.48129864037036896 243116.41473539173603058)	1000648.4812986404	243116.41473539177	357	40.83396	-73.9407404
Point (1000659.54574501514434814 202842.65177913755178452)	1000659.5457450151	202842.65177913752	327	40.72342	-73.9407989
Point (1000919.52898488938808441 202875.43714664131402969)	1000919.5289848894	202875.4371466413	340	40.72351	-73.9398608
Point (1000920.23469213396310806 242964.34975080937147141)	1000920.234692134	242964.34975080937	358	40.83354	-73.9397588
Point (1001057.10023205482866615 244375.70825792351388372)	1001057.1002320548	244375.70825792348	518	40.83741	-73.9392606
Point (1001115.02908601611852646 202898.33703522384166718)	1001115.0290860161	202898.3370352238	341	40.72357	-73.9391555
Point (1001219.60417213290929794 192243.67806243896484375)	1001219.604172133	192243.67806243896	309	40.69432	-73.9388051
Point (1001385.81926785409450531 244194.57891764491796494)	1001385.8192678541	244194.57891764492	494	40.83692	-73.9380731
Point (1001671.39772393554449081 199873.28042130917310715)	1001671.3977239357	199873.28042130917	310	40.71526	-73.9371561
Point (1002183.75693542510271072 237120.72249452024698257)	1002183.7569354252	237120.72249452028	336	40.8175	-73.9352084
Point (1002224.29819293320178986 206926.19594143331050873)	1002224.2981929332	206926.1959414333	342	40.73462	-73.9351428
Point (1002961.80869296938180923 196328.43449264019727707)	1002961.8086929694	196328.4344926402	311	40.70553	-73.9325111
Point (1003420.63602335005998611 229500.2191988080739975)	1003420.6360233501	229500.21919880807	349	40.79658	-73.9307616
Point (1003765.42470384389162064 237433.65149464458227158)	1003765.4247038439	237433.65149464458	463	40.81835	-73.9294932
Point (1004181.12925300747156143 189144.09420255571603775)	1004181.1292530075	189144.09420255572	285	40.68581	-73.9281346
Point (1004257.24114147573709488 254747.61374984681606293)	1004257.2411414756	254747.61374984682	350	40.86587	-73.9276647
Point (1004389.94838918000459671 233363.56317814439535141)	1004389.94838918	233363.5631781444	354	40.80718	-73.9272491
Point (1004810.11306722462177277 236809.08876738697290421)	1004810.1130672246	236809.08876738697	337	40.81664	-73.9257208
Point (1005078.51902647316455841 254742.49417347460985184)	1005078.5190264732	254742.4941734746	351	40.86586	-73.9246954
Point (1005085.67367095348890871 223010.97581249277573079)	1005085.6736709535	223010.97581249278	484	40.77876	-73.9247681
Point (1005295.28827797621488571 211538.40489285439252853)	1005295.2882779762	211538.4048928544	328	40.74727	-73.9240472
Point (1005393.31990605592727661 198010.36059072613716125)	1005393.3199060559	198010.36059072614	312	40.71014	-73.923736
Point (1005540.52400796860456467 218150.37132768332958221)	1005540.5240079686	218150.37132768333	345	40.76542	-73.9231412
Point (1005552.61912813782691956 211499.77652522921562195)	1005552.6191281378	211499.77652522922	329	40.74717	-73.9231186
Point (1005809.91881038248538971 211460.76922135055065155)	1005809.9188103825	211460.76922135055	343	40.74706	-73.9221902
Point (1006000.87905839085578918 217411.93120351433753967)	1006000.8790583909	217411.93120351434	330	40.76339	-73.9214817
Point (1006058.48196155577898026 233046.62352330982685089)	1006058.4819615558	233046.62352330983	355	40.80631	-73.921223
Point (1006066.99490384012460709 211421.54521843045949936)	1006066.99490384	211421.54521843046	344	40.74695	-73.9212625
Point (1006222.16306463629007339 217275.19919351488351822)	1006222.1630646363	217275.19919351485	346	40.76302	-73.9206834
Point (1006300.2132694274187088 193687.99325122684240341)	1006300.2132694274	193687.99325122684	313	40.69828	-73.920479
Point (1006332.94630763679742813 188787.12149130553007126)	1006332.9463076368	188787.12149130553	305	40.68483	-73.920377
Point (1006794.78372057527303696 236220.03778014704585075)	1006794.7837205754	236220.03778014705	493	40.81502	-73.9185527
Point (1006823.50142888724803925 212346.1076737642288208)	1006823.5014288872	212346.10767376423	467	40.74949	-73.9185292
Point (1006906.82803388440515846 188191.98357397815561853)	1006906.8280338844	188191.98357397816	539	40.68319	-73.9183098
Point (1006915.86016805469989777 212335.33259689062833786)	1006915.8601680547	212335.33259689063	468	40.74946	-73.9181959
Point (1007043.8563031405210495 212314.21879397332668304)	1007043.8563031405	212314.21879397333	460	40.7494	-73.917734
Point (1007248.0479879304766655 212281.73550920560956001)	1007248.0479879305	212281.7355092056	485	40.74931	-73.9169971
Point (1007503.62351024523377419 212243.38970335200428963)	1007503.6235102452	212243.389703352	477	40.7492	-73.9160749
Point (1007764.00102426111698151 212204.21934206038713455)	1007764.0010242611	212204.2193420604	331	40.7491	-73.9151353
Point (1007981.97565393149852753 180957.74935481697320938)	1007981.9756539315	180957.74935481697	306	40.66333	-73.9144589
Point (1008021.04791830480098724 212165.1823466420173645)	1008021.0479183048	212165.18234664202	332	40.74899	-73.9142077
Point (1008229.08933293074369431 246042.98253710567951202)	1008229.0893329309	246042.98253710568	450	40.84197	-73.9133359
Point (1008237.18019600957632065 181008.04961510747671127)	1008237.1801960096	181008.04961510748	307	40.66347	-73.9135388
Point (1008291.15783302986528724 212124.15322922667837702)	1008291.1578330299	212124.15322922668	505	40.74887	-73.913233
Point (1008497.37012838572263718 181059.25030010193586349)	1008497.3701283857	181059.25030010196	308	40.66361	-73.9126008
Point (1008535.76309622079133987 212087.58374855667352676)	1008535.7630962207	212087.58374855667	333	40.74877	-73.9123503
Point (1008697.56067288666963577 212063.40892814099788666)	1008697.5606728867	212063.408928141	334	40.74871	-73.9117665
Point (1008937.22571192681789398 212024.93804051727056503)	1008937.2257119268	212024.93804051727	347	40.7486	-73.9109017
Point (1009360.59248330444097519 164968.04445764422416687)	1009360.5924833044	164968.04445764422	303	40.61944	-73.9095493
Point (1009381.77994092553853989 221687.71579498052597046)	1009381.7799409255	221687.71579498053	335	40.77512	-73.9092611
Point (1009528.48863700777292252 233974.54850473254919052)	1009528.4886370078	233974.54850473258	356	40.80885	-73.9086851
Point (1009579.63732080161571503 221504.17285497486591339)	1009579.6373208016	221504.17285497487	353	40.77462	-73.9085474
Point (1009741.13224059343338013 192207.12186914682388306)	1009741.1322405934	192207.12186914682	314	40.6942	-73.9080755
Point (1010732.49147834628820419 198669.39503380656242371)	1010732.4914783463	198669.39503380656	304	40.71194	-73.904475
Point (1011412.92652385926339775 195040.06305364271975122)	1011412.9265238593	195040.06305364272	508	40.70197	-73.9020353
Point (1011462.00560330599546432 181057.50161593407392502)	1011462.005603306	181057.50161593407	315	40.6636	-73.9019148
Point (1011485.763101726770401 258504.75781035423278809)	1011485.7631017268	258504.75781035423	369	40.87617	-73.9015151
Point (1011626.59582530707120895 258397.51885160058736801)	1011626.5958253071	258397.5188516006	362	40.87587	-73.9010063
Point (1011724.21242796629667282 252319.57874372601509094)	1011724.2124279663	252319.57874372602	368	40.85919	-73.9006783
Point (1012570.7175518125295639 239289.12857254015398212)	1012570.7175518125	239289.12857254015	531	40.82342	-73.8976731
Point (1012841.78488660848233849 213458.80957128605223261)	1012841.7848866085	213458.80957128605	536	40.75252	-73.8968037
Point (1012843.77963327860925347 213441.76006470122956671)	1012843.7796332786	213441.76006470123	538	40.75248	-73.8967966
Point (1012951.66617384552955627 242419.82672568410634995)	1012951.6661738455	242419.8267256841	359	40.83201	-73.8962833
Point (1013138.35297238826751709 213504.1626083105802536)	1013138.3529723883	213504.16260831058	390	40.75265	-73.8957331
Point (1013141.9897761344909668 213478.21777831017971039)	1013141.9897761345	213478.21777831018	400	40.75258	-73.8957201
Point (1013396.06407114118337631 213541.33609039336442947)	1013396.0640711412	213541.33609039336	397	40.75275	-73.8948028
Point (1013400.05028364062309265 213512.8748612254858017)	1013400.0502836406	213512.8748612255	441	40.75267	-73.8947885
Point (1013653.80978268384933472 213578.34241402149200439)	1013653.8097826838	213578.3424140215	438	40.75285	-73.8938724
Point (1013657.99629005789756775 213548.32606985419988632)	1013657.996290058	213548.3260698542	391	40.75277	-73.8938574
Point (1013910.99119088798761368 213614.01196210086345673)	1013910.991190888	213614.01196210086	408	40.75295	-73.892944
Point (1013915.02825630456209183 213585.01398859918117523)	1013915.0282563046	213585.01398859918	443	40.75287	-73.8929295
Point (1014167.59500838071107864 213649.82209388911724091)	1014167.5950083807	213649.82209388912	403	40.75304	-73.8920176
Point (1014171.73230326175689697 213620.22897722572088242)	1014171.7323032618	213620.22897722572	389	40.75296	-73.8920028
Point (1014258.69292329996824265 249556.18499230593442917)	1014258.6929233	249556.18499230593	365	40.8516	-73.8915283
Point (1014425.33071338385343552 213684.91536360234022141)	1014425.3307133839	213684.91536360234	392	40.75314	-73.8910872
Point (1014429.47276546806097031 213655.35374293476343155)	1014429.4727654681	213655.35374293476	434	40.75306	-73.8910724
Point (1014430.57561759650707245 249475.81933939456939697)	1014430.5756175965	249475.81933939457	360	40.85138	-73.8909074
Point (1014630.17872888594865799 184618.02320222556591034)	1014630.1787288861	184618.02320222557	316	40.67336	-73.8904792
Point (1014683.05493547022342682 213720.8408166840672493)	1014683.0549354702	213720.84081668407	433	40.75324	-73.8901569
Point (1014687.06394976377487183 213692.02361709624528885)	1014687.0639497638	213692.02361709625	429	40.75316	-73.8901425
Point (1014704.79242480546236038 249351.98920647799968719)	1014704.7924248055	249351.989206478	366	40.85104	-73.8899167
Point (1014940.40678296983242035 213756.2180425152182579)	1014940.4067829697	213756.21804251522	428	40.75333	-73.8892278
Point (1014944.25191964209079742 213728.6083536371588707)	1014944.2519196421	213728.60835363716	409	40.75326	-73.8892141
Point (1015009.66058146953582764 250476.04060009866952896)	1015009.6605814695	250476.04060009867	416	40.85412	-73.8888096
Point (1015166.1906161829829216 210166.86760968714952469)	1015166.1906161831	210166.86760968715	352	40.74348	-73.8884294
Point (1015198.27372130006551743 213790.74536847323179245)	1015198.2737213001	213790.74536847323	411	40.75343	-73.888297
Point (1015201.75468546897172928 213765.14994722604751587)	1015201.754685469	213765.14994722608	393	40.75336	-73.8882845
Point (1015259.8602123036980629 250857.70010580867528915)	1015259.8602123037	250857.70010580868	370	40.85517	-73.8879034
Point (1015411.51328826695680618 210217.56796760112047195)	1015411.513288267	210217.56796760112	363	40.74362	-73.8875439
Point (1015455.7141513004899025 213827.86160001158714294)	1015455.7141513005	213827.8616000116	431	40.75353	-73.8873676
Point (1015455.8883635550737381 251162.59450913965702057)	1015455.8883635551	251162.5945091397	371	40.856	-73.8871934
Point (1015459.52319879829883575 213800.17760027199983597)	1015459.5231987983	213800.177600272	445	40.75345	-73.887354
Point (1015629.30550359934568405 243141.52820222824811935)	1015629.3055035993	243141.52820222825	361	40.83399	-73.886604
Point (1015712.9150804728269577 213865.23357251286506653)	1015712.9150804728	213865.23357251287	430	40.75363	-73.8864391
Point (1015717.22773588448762894 213834.629795141518116)	1015717.2277358845	213834.62979514152	404	40.75355	-73.8864237
Point (1015970.58188797533512115 213899.78058347105979919)	1015970.5818879753	213899.78058347106	432	40.75372	-73.8855089
Point (1015974.69129576534032822 213870.30721722543239594)	1015974.6912957653	213870.3072172254	415	40.75364	-73.8854942
Point (1016228.96227672696113586 213936.51459793001413345)	1016228.962276727	213936.51459793	406	40.75382	-73.8845762
Point (1016232.23195522278547287 213906.50957264751195908)	1016232.2319552228	213906.5095726475	436	40.75374	-73.8845645
Point (1016486.40287076681852341 213974.03109113872051239)	1016486.4028707668	213974.03109113872	413	40.75393	-73.8836468
Point (1016489.97077701240777969 213941.8787604346871376)	1016489.9707770124	213941.8787604347	402	40.75384	-73.8836341
Point (1016743.14973259717226028 214008.94391501694917679)	1016743.1497325972	214008.94391501695	414	40.75402	-73.8827199
Point (1016747.53079339116811752 213977.49893197417259216)	1016747.5307933913	213977.49893197417	388	40.75393	-73.8827043
Point (1017000.99862634390592575 214045.15611293911933899)	1017000.9986263439	214045.15611293912	444	40.75412	-73.8817891
Point (1017005.45531034469604492 214013.20096030831336975)	1017005.4553103447	214013.2009603083	440	40.75403	-73.8817731
Point (1017258.41264563798904419 214081.38471502065658569)	1017258.412645638	214081.38471502066	426	40.75422	-73.8808598
Point (1017262.97628480195999146 214048.70269376784563065)	1017262.9762848021	214048.70269376785	396	40.75413	-73.8808435
Point (1017515.94001772254705429 214116.41892972588539124)	1017515.9400177225	214116.41892972589	387	40.75431	-73.8799301
Point (1017520.39719384908676147 214084.48510251939296722)	1017520.3971938491	214084.4851025194	437	40.75423	-73.8799142
Point (1017529.87218583130743355 213078.41017897924757563)	1017529.8721858313	213078.41017897925	535	40.75146	-73.879885
Point (1017773.44934521615505219 214151.38441097736358643)	1017773.4493452162	214151.38441097736	439	40.75441	-73.8790005
Point (1017777.68178426474332809 214121.06655822694301605)	1017777.6817842647	214121.06655822694	410	40.75433	-73.8789854
Point (1017816.0068388506770134 211096.53783039748668671)	1017816.0068388507	211096.5378303975	364	40.74602	-73.8788621
Point (1018030.76526759564876556 214187.89040751755237579)	1018030.7652675956	214187.89040751755	398	40.75451	-73.8780716
Point (1018035.01558718085289001 214157.4329553097486496)	1018035.0155871809	214157.43295530975	394	40.75442	-73.8780564
Point (1018288.39122872054576874 214225.55945947766304016)	1018288.3912287205	214225.55945947766	435	40.75461	-73.8771415
Point (1018292.90237455815076828 214193.13153877109289169)	1018292.9023745582	214193.1315387711	399	40.75452	-73.8771254
Point (1018545.72175080329179764 214262.8705725222826004)	1018545.7217508033	214262.87057252228	407	40.75471	-73.8762125
Point (1018550.39529789239168167 214229.22874347865581512)	1018550.3952978924	214229.22874347863	442	40.75462	-73.8761958
Point (1018802.99977955967187881 214299.70104347914457321)	1018802.9997795598	214299.70104347914	427	40.75481	-73.8752837
Point (1018807.55685705691576004 214266.98621389269828796)	1018807.5568570568	214266.9862138927	385	40.75472	-73.8752674
Point (1019060.84375205636024475 214333.64290472865104675)	1019060.8437520565	214333.64290472868	395	40.7549	-73.8743528
Point (1019065.13983926177024841 214302.83112251758575439)	1019065.1398392618	214302.8311225176	386	40.75482	-73.8743375
Point (1019352.63139025866985321 214372.51421806216239929)	1019352.6313902587	214372.51421806216	401	40.75501	-73.8732995
Point (1019360.46733259409666061 214343.18717697262763977)	1019360.4673325941	214343.18717697263	412	40.75493	-73.8732713
Point (1019508.77330238372087479 196364.5684426873922348)	1019508.7733023837	196364.5684426874	317	40.70558	-73.8728303
Point (1019537.50290372222661972 217021.86489047855138779)	1019537.5029037222	217021.86489047855	451	40.76228	-73.8726183
Point (1019633.84194988512899727 216738.59763111671782099)	1019633.8419498851	216738.59763111672	514	40.7615	-73.872272
Point (1020719.26956905424594879 207924.18147826194763184)	1020719.2695690542	207924.18147826195	367	40.7373	-73.8684017
Point (1021103.19252167642116547 210805.48034164309501648)	1021103.1925216764	210805.4803416431	373	40.74521	-73.8670005
Point (1022122.64077804982662201 209885.01138206571340561)	1022122.6407780498	209885.0113820657	372	40.74268	-73.8633266
Point (1022810.81796605128329247 193479.62908616859931499)	1022810.8179660513	193479.6290861686	475	40.69765	-73.8609372
Point (1023978.38181722164154053 237684.40197739750146866)	1023978.3818172216	237684.4019773975	374	40.81897	-73.8564653
Point (1026209.85601969016715884 194570.55720314051723108)	1026209.8560196902	194570.55720314052	487	40.70063	-73.8486724
Point (1027385.74197934160474688 207511.3740689754486084)	1027385.7419793416	207511.37406897545	519	40.73614	-73.8443486
Point (1027397.38285322184674442 208325.81915924249915406)	1027397.3828532218	208325.8191592425	532	40.73838	-73.8443014
Point (1027527.48375225067138672 206852.59717131158686243)	1027527.4837522508	206852.5971713116	527	40.73433	-73.8438414
Point (1027847.96162179112434387 206252.33661549040698446)	1027847.9616217911	206252.3366154904	461	40.73268	-73.8426889
Point (1028901.11499249387998134 204826.51783049377263524)	1028901.1149924939	204826.51783049377	476	40.72876	-73.8388984
Point (1029173.6326511480147019 207855.04330926050897688)	1029173.632651148	207855.0433092605	525	40.73708	-73.8378949
Point (1029326.52648359269369394 198066.40417346291360445)	1029326.5264835927	198066.40417346294	479	40.71021	-73.8374088
Point (1029375.07049888372421265 206872.16767022758722305)	1029375.0704988837	206872.1676702276	382	40.73438	-73.8371746
Point (1029579.4219602644443512 206499.71746368333697319)	1029579.4219602644	206499.71746368334	486	40.73335	-73.8364398
Point (1029845.91685232357122004 204371.4538760980067309)	1029845.9168523236	204371.453876098	515	40.72751	-73.8354926
Point (1030034.14638983213808388 205513.2587520033121109)	1030034.1463898321	205513.2587520033	516	40.73064	-73.8348058
Point (1030057.90476313605904579 204484.46197976917028427)	1030057.9047631361	204484.46197976917	528	40.72782	-73.834727
Point (1030152.26694317907094955 204706.33046647161245346)	1030152.2669431791	204706.3304664716	473	40.72843	-73.8343851
Point (1030170.80824468284845352 204753.3115076869726181)	1030170.8082446828	204753.31150768697	472	40.72856	-73.8343179
Point (1030226.79829017817974091 204922.33265914767980576)	1030226.7982901782	204922.33265914768	481	40.72902	-73.8341147
Point (1031993.81903434544801712 197863.66551010310649872)	1031993.8190343454	197863.66551010314	318	40.70964	-73.8277894
Point (1034200.22505459189414978 221645.03609031438827515)	1034200.2250545919	221645.0360903144	377	40.7749	-73.8196543
Point (1035613.27390171587467194 217303.49523273110389709)	1035613.2739017158	217303.49523273113	376	40.76297	-73.8145857
Point (1037401.154840387403965 203228.04864613711833954)	1037401.1548403874	203228.04864613712	375	40.72433	-73.8082429
Point (1047345.95237201452255249 218413.41181210428476334)	1047345.9523720145	218413.41181210428	379	40.76594	-73.7722221
Point (1047515.35180355608463287 217997.02140472829341888)	1047515.3518035561	217997.0214047283	381	40.7648	-73.7716145
Point (1047644.6264793872833252 217684.10208306461572647)	1047644.6264793873	217684.10208306462	380	40.76394	-73.7711508
Point (1047905.36431092768907547 217608.04416431486606598)	1047905.3643109277	217608.04416431487	378	40.76373	-73.7702103
Point (1051128.20547021925449371 185860.95673997700214386)	1051128.2054702193	185860.95673997697	322	40.67657	-73.7588917
Point (1055188.49448436009697616 159928.68391084173345007)	1055188.49448436	159928.68391084173	517	40.60536	-73.7445264
Point (1055376.34461171925067902 159644.69929727166891098)	1055376.3446117193	159644.69929727167	542	40.60458	-73.7438529
Point (1055515.97687838226556778 159444.33060351759195328)	1055515.9768783823	159444.33060351762	405	40.60403	-73.7433521
Point (1055628.35870742797851563 159278.94215476512908936)	1055628.358707428	159278.94215476513	541	40.60357	-73.7429492
Point (1055764.42202891898341477 159090.54013656079769135)	1055764.422028919	159090.5401365608	504	40.60305	-73.7424612
Point (1055818.81272284686565399 159029.67723335325717926)	1055818.8127228469	159029.67723335326	323	40.60289	-73.7422659
Point (1055899.38998951017856598 158915.44206155836582184)	1055899.3899895102	158915.44206155834	324	40.60257	-73.741977
Point (1056074.98569662659429014 158679.73855846267542802)	1056074.9856966266	158679.73855846268	325	40.60192	-73.7413471
Point (1056284.10559147596359253 158493.06757822632789612)	1056284.105591476	158493.06757822636	326	40.60141	-73.740596
Point (1056446.62167064100503922 158342.20994030684232712)	1056446.621670641	158342.20994030684	319.99999999999994	40.60099	-73.7400124
Point (1056606.48847688734531403 158161.32447531074285507)	1056606.4884768873	158161.32447531074	321	40.6005	-73.7394387
Point (1056766.34396426379680634 157966.61341460794210434)	1056766.3439642638	157966.61341460794	319	40.59996	-73.7388651